time_s,frame_60fps,strength,dominant_band,low_share,high_share
0.061,4,0.429,high,0.00,0.94
0.211,13,0.627,high,0.01,0.79
0.361,22,0.638,high,0.02,0.93
0.441,26,0.258,high,0.01,0.84
0.541,32,0.481,high,0.01,0.81
0.731,44,0.398,high,0.01,0.90
0.881,53,0.369,high,0.01,0.78
0.971,58,0.420,high,0.02,0.94
1.191,71,0.518,high,0.01,0.97
1.351,81,0.385,high,0.01,0.87
1.571,94,0.788,high,0.02,0.87
1.651,99,0.419,high,0.02,0.91
1.781,107,0.484,high,0.01,0.93
1.961,118,0.501,high,0.01,0.96
2.101,126,0.608,high,0.01,0.90
2.211,133,0.843,high,0.00,0.91
2.321,139,0.837,high,0.01,0.90
2.391,143,0.270,high,0.02,0.85
2.471,148,0.757,high,0.00,0.95
2.691,161,0.300,high,0.00,0.82
2.901,174,0.298,high,0.02,0.78
3.021,181,0.483,high,0.00,0.97
3.161,190,0.397,high,0.03,0.72
3.261,196,0.414,high,0.01,0.77
3.441,206,0.605,high,0.01,0.95
3.511,211,0.236,high,0.02,0.75
3.601,216,0.656,high,0.00,0.91
3.681,221,0.410,high,0.01,0.92
3.791,227,0.242,high,0.01,0.88
3.891,233,0.322,high,0.01,0.81
4.071,244,1.000,high,0.00,0.93
4.251,255,0.743,high,0.01,0.84
4.331,260,0.287,high,0.01,0.70
4.451,267,0.870,high,0.00,0.95
4.511,271,0.254,high,0.00,0.92
4.701,282,0.520,high,0.02,0.87
4.841,290,0.736,high,0.01,0.85
4.931,296,0.514,high,0.00,0.96
5.021,301,0.411,high,0.02,0.78
5.131,308,0.521,high,0.00,0.77
5.191,311,0.267,high,0.00,0.92
5.481,329,0.390,high,0.01,0.75
5.591,335,0.186,high,0.00,0.82
5.791,347,0.792,high,0.02,0.78
5.861,352,0.494,high,0.00,0.98
5.941,356,0.252,mid,0.04,0.38
6.121,367,0.884,high,0.00,0.90
6.181,371,0.281,high,0.00,0.93
6.291,377,0.332,high,0.02,0.91
6.541,392,0.483,high,0.02,0.78
6.681,401,0.265,high,0.05,0.56
6.801,408,0.928,high,0.00,0.94
6.981,419,0.467,high,0.00,0.80
7.111,427,0.598,high,0.01,0.91
7.241,434,0.244,high,0.01,0.73
7.311,439,0.374,high,0.01,0.87
7.561,454,0.245,high,0.01,0.74
7.691,461,0.198,high,0.02,0.85
7.761,466,0.228,high,0.02,0.80
7.971,478,0.325,high,0.03,0.52
8.031,482,0.246,high,0.01,0.82
8.191,491,0.627,high,0.01,0.80
8.331,500,0.576,high,0.02,0.84
8.431,506,0.476,high,0.01,0.93
8.531,512,0.527,high,0.02,0.74
8.681,521,0.564,high,0.00,0.96
8.751,525,0.290,high,0.00,0.95
9.131,548,0.368,high,0.01,0.85
9.201,552,0.421,high,0.01,0.95
9.291,557,0.247,mid,0.04,0.38
9.511,571,0.309,high,0.01,0.72
9.761,586,0.252,high,0.01,0.81
9.901,594,0.508,high,0.01,0.96
9.961,598,0.290,high,0.00,0.96
10.101,606,0.360,high,0.00,0.90
10.211,613,0.722,high,0.00,0.96
10.411,625,0.758,high,0.01,0.85
10.561,634,0.460,high,0.01,0.96
10.711,643,0.731,high,0.01,0.78
10.881,653,0.547,high,0.01,0.93
10.981,659,0.223,high,0.02,0.66
11.051,663,0.589,high,0.00,0.98
11.111,667,0.313,high,0.01,0.92
11.241,674,0.682,high,0.00,0.78
11.311,679,0.217,high,0.02,0.83
11.421,685,0.225,high,0.01,0.62
11.571,694,0.371,high,0.00,0.80
11.681,701,0.934,high,0.00,0.94
11.841,710,0.378,high,0.02,0.63
12.061,724,0.832,high,0.00,0.94
12.321,739,0.483,high,0.01,0.75
12.461,748,0.463,high,0.01,0.94
12.751,765,0.449,high,0.00,0.73
12.981,779,0.718,high,0.01,0.91
13.061,784,0.091,high,0.05,0.79
13.411,805,0.389,high,0.06,0.75
13.591,815,0.398,high,0.00,0.95
13.651,819,0.252,high,0.01,0.95
13.861,832,0.201,high,0.01,0.82
13.971,838,0.800,high,0.00,0.91
14.041,842,0.249,high,0.03,0.79
14.751,885,0.176,high,0.03,0.74
15.721,943,0.640,high,0.00,0.83
15.831,950,0.222,high,0.02,0.81
15.921,955,0.240,high,0.01,0.79
16.271,976,0.455,high,0.02,0.89
16.331,980,0.250,high,0.01,0.88
16.441,986,0.328,high,0.01,0.75
16.631,998,0.919,high,0.01,0.85
16.711,1003,0.240,high,0.02,0.85
16.821,1009,0.254,high,0.00,0.85
16.971,1018,0.723,high,0.01,0.84
17.031,1022,0.200,high,0.02,0.84
17.251,1035,0.502,high,0.01,0.89
17.341,1040,0.265,high,0.01,0.62
17.411,1045,0.416,high,0.00,0.96
17.741,1064,0.198,high,0.07,0.77
17.801,1068,0.792,high,0.01,0.93
17.981,1079,0.308,high,0.00,0.91
18.041,1082,0.383,high,0.01,0.91
18.251,1095,0.564,high,0.01,0.97
18.331,1100,0.314,high,0.02,0.94
18.591,1115,0.279,high,0.02,0.62
18.691,1121,0.503,high,0.01,0.88
18.761,1126,0.297,high,0.01,0.97
18.931,1136,0.735,high,0.01,0.91
19.151,1149,0.603,high,0.01,0.95
19.301,1158,0.416,high,0.00,0.75
19.371,1162,0.307,high,0.00,0.82
19.481,1169,0.534,high,0.02,0.77
19.611,1177,0.816,high,0.01,0.95
19.711,1183,0.269,high,0.01,0.76
19.841,1190,0.392,high,0.00,0.95
20.071,1204,0.454,high,0.00,0.92
20.191,1211,0.166,high,0.01,0.52
20.371,1222,0.824,high,0.00,0.95
20.621,1237,0.338,high,0.02,0.77
20.701,1242,0.286,high,0.01,0.79
20.811,1249,0.513,high,0.01,0.87
20.941,1256,0.606,high,0.00,0.97
21.011,1261,0.298,high,0.00,0.94
21.261,1276,0.502,high,0.00,0.93
21.441,1286,0.732,high,0.01,0.89
21.551,1293,0.697,high,0.00,0.95
21.711,1303,0.213,high,0.03,0.81
21.771,1306,0.569,high,0.01,0.84
21.851,1311,0.263,high,0.01,0.88
21.991,1319,0.638,high,0.00,0.88
22.071,1324,0.303,high,0.00,0.90
23.251,1395,0.315,high,0.01,0.87
23.481,1409,0.709,high,0.00,0.88
23.641,1418,0.832,high,0.01,0.82
23.721,1423,0.341,high,0.02,0.86
23.801,1428,0.343,high,0.01,0.95
23.871,1432,0.299,high,0.01,0.94
24.061,1444,0.262,high,0.01,0.87
24.271,1456,0.359,high,0.02,0.92
24.391,1463,0.247,high,0.03,0.87
24.501,1470,0.859,high,0.00,0.93
25.081,1505,0.488,high,0.01,0.82
25.331,1520,0.413,high,0.01,0.96
25.421,1525,0.294,high,0.02,0.92
25.641,1538,0.920,high,0.00,0.95
25.781,1547,0.261,high,0.02,0.84
25.861,1552,0.534,high,0.01,0.94
25.931,1556,0.232,high,0.02,0.52
26.001,1560,0.215,high,0.02,0.75
26.161,1570,0.769,high,0.01,0.92
26.341,1580,0.177,high,0.01,0.68
26.481,1589,0.593,high,0.01,0.94
26.561,1594,0.317,high,0.02,0.92
26.721,1603,0.864,high,0.01,0.89
26.941,1616,0.268,high,0.01,0.73
27.021,1621,0.204,high,0.01,0.72
27.181,1631,0.262,high,0.02,0.63
27.361,1642,0.448,high,0.00,0.95
27.481,1649,0.611,high,0.00,0.99
27.601,1656,0.400,high,0.01,0.94
27.731,1664,0.314,high,0.02,0.91
28.141,1688,0.304,high,0.02,0.89
28.211,1693,0.315,high,0.02,0.91
28.271,1696,0.215,high,0.00,0.72
28.641,1718,0.519,high,0.01,0.75
28.751,1725,0.200,high,0.01,0.74
28.811,1729,0.308,high,0.01,0.70
28.901,1734,0.207,high,0.02,0.77
29.191,1751,0.451,high,0.02,0.61
29.261,1756,0.281,high,0.00,0.86
29.431,1766,0.434,high,0.01,0.84
29.541,1772,0.162,high,0.02,0.75
29.861,1792,0.344,high,0.00,0.87
29.931,1796,0.240,high,0.00,0.93
30.031,1802,0.303,high,0.01,0.84
30.261,1816,0.269,high,0.05,0.69
30.321,1819,0.362,high,0.01,0.94
30.401,1824,0.237,high,0.02,0.86
30.661,1840,0.569,high,0.01,0.83
30.761,1846,0.345,high,0.06,0.58
30.871,1852,0.819,high,0.00,0.90
31.011,1861,0.736,high,0.02,0.78
31.091,1865,0.702,high,0.00,0.89
31.181,1871,0.259,high,0.01,0.55
31.241,1874,0.243,high,0.03,0.65
31.471,1888,0.407,high,0.01,0.76
31.541,1892,0.218,high,0.03,0.72
31.761,1906,0.424,high,0.01,0.77
31.851,1911,0.326,high,0.01,0.88
31.921,1915,0.430,high,0.01,0.95
31.981,1919,0.281,high,0.00,0.92
32.171,1930,0.173,high,0.03,0.76
32.391,1943,0.173,high,0.06,0.62
32.511,1951,0.279,high,0.07,0.56
32.761,1966,0.477,high,0.04,0.64
32.841,1970,0.190,high,0.02,0.68
33.011,1981,0.099,high,0.11,0.65
33.261,1996,0.131,mid,0.17,0.18
33.431,2006,0.303,high,0.02,0.63
33.521,2011,0.156,high,0.06,0.77
33.681,2021,0.196,high,0.04,0.67
33.761,2026,0.364,high,0.00,0.62
34.021,2041,0.616,high,0.01,0.80
34.261,2056,0.265,high,0.05,0.71
34.351,2061,0.369,high,0.01,0.84
34.511,2071,0.168,high,0.00,0.61
34.661,2080,0.351,high,0.00,0.86
34.761,2086,0.504,high,0.05,0.61
35.011,2101,0.098,high,0.06,0.66
35.171,2110,0.395,high,0.00,0.60
35.261,2116,0.212,high,0.07,0.49
35.431,2126,0.276,high,0.01,0.65
35.521,2131,0.169,high,0.02,0.83
35.641,2138,0.099,mid,0.03,0.28
35.761,2146,0.418,high,0.01,0.63
36.041,2162,0.583,high,0.01,0.71
36.151,2169,0.203,high,0.04,0.83
36.261,2176,0.177,high,0.05,0.64
36.321,2179,0.167,high,0.07,0.68
36.511,2191,0.307,high,0.02,0.81
36.761,2206,0.333,high,0.02,0.59
36.901,2214,0.224,high,0.02,0.53
37.011,2221,0.415,high,0.03,0.92
37.081,2225,0.276,high,0.02,0.90
37.141,2228,0.236,high,0.04,0.68
37.431,2246,0.237,high,0.01,0.68
37.531,2252,0.229,high,0.03,0.88
37.591,2255,0.225,high,0.01,0.86
37.761,2266,0.376,high,0.06,0.62
38.031,2282,0.147,high,0.01,0.84
38.141,2288,0.714,high,0.02,0.93
38.251,2295,0.329,high,0.00,0.94
38.311,2299,0.294,high,0.01,0.92
38.521,2311,0.267,high,0.03,0.62
38.581,2315,0.284,high,0.02,0.74
38.761,2326,0.332,high,0.03,0.68
38.901,2334,0.143,mid,0.05,0.30
39.201,2352,0.730,high,0.00,0.86
39.261,2356,0.217,high,0.06,0.48
39.421,2365,0.345,high,0.01,0.75
39.761,2386,0.313,high,0.01,0.53
39.831,2390,0.217,high,0.01,0.66
39.941,2396,0.351,high,0.01,0.94
40.171,2410,0.684,high,0.03,0.85
40.261,2416,0.240,high,0.00,0.66
40.351,2421,0.141,high,0.04,0.70
40.511,2431,0.266,high,0.01,0.63
40.651,2439,0.390,high,0.01,0.91
40.841,2450,0.336,high,0.04,0.63
41.021,2461,0.112,high,0.00,0.88
41.111,2467,0.136,high,0.01,0.85
41.961,2518,0.787,high,0.01,0.80
42.051,2523,0.245,high,0.01,0.69
42.151,2529,0.227,high,0.02,0.91
42.221,2533,0.473,high,0.01,0.85
42.471,2548,0.545,high,0.00,0.76
42.751,2565,0.534,high,0.00,0.95
42.841,2570,0.273,high,0.00,0.95
43.341,2600,0.220,high,0.06,0.61
43.721,2623,0.451,high,0.02,0.79
43.821,2629,0.183,high,0.02,0.61
43.901,2634,0.313,high,0.03,0.88
44.011,2641,0.342,high,0.03,0.86
44.181,2651,0.176,high,0.02,0.64
44.261,2656,0.285,high,0.01,0.64
44.401,2664,0.316,high,0.01,0.70
44.511,2671,0.371,high,0.01,0.75
44.841,2690,0.338,high,0.02,0.64
45.061,2704,0.366,high,0.03,0.74
45.141,2708,0.287,high,0.01,0.64
45.311,2719,0.300,high,0.02,0.73
45.411,2725,0.425,high,0.00,0.94
45.551,2733,0.767,high,0.00,0.89
45.661,2740,0.341,high,0.01,0.73
45.751,2745,0.174,high,0.01,0.92
45.961,2758,0.970,high,0.00,0.92
46.121,2767,0.227,high,0.02,0.52
46.201,2772,0.235,high,0.04,0.83
46.311,2779,0.418,high,0.01,0.84
46.441,2786,0.689,high,0.00,0.92
46.561,2794,0.512,high,0.01,0.96
46.761,2806,0.549,high,0.01,0.90
46.861,2812,0.243,high,0.02,0.80
46.951,2817,0.579,high,0.00,0.95
47.171,2830,0.128,high,0.01,0.82
47.501,2850,0.559,high,0.01,0.86
47.631,2858,0.409,high,0.01,0.89
47.731,2864,0.232,high,0.02,0.79
47.831,2870,0.414,high,0.00,0.93
47.921,2875,0.201,high,0.01,0.84
48.701,2922,0.256,high,0.00,0.83
48.851,2931,0.227,high,0.06,0.70
48.921,2935,0.098,high,0.07,0.64
49.361,2962,0.085,mid,0.24,0.04
49.481,2969,0.219,high,0.01,0.92
49.561,2974,0.371,high,0.00,0.94
49.861,2992,0.089,mid,0.28,0.00
50.611,3037,0.108,mid,0.24,0.05
50.861,3052,0.085,mid,0.19,0.00
