time_s,rms_dbfs,sub_20_120,low_120_400,mid_400_3k,high_3k_8k,air_8k_16k
0.02,-180.0,-54.7,-64.0,-70.3,-95.2,-132.6
0.12,-34.7,-42.5,-51.8,-63.9,-76.5,-81.5
0.22,-34.6,-44.0,-43.4,-42.5,-61.6,-53.0
0.32,-22.5,-38.9,-45.2,-50.6,-75.9,-79.6
0.42,-17.9,-36.2,-34.2,-47.0,-61.1,-61.4
0.52,-31.2,-42.9,-54.2,-66.0,-79.2,-85.4
0.62,-19.2,-32.8,-50.0,-50.7,-46.1,-51.6
0.72,-17.5,-41.4,-30.4,-46.6,-55.1,-58.4
0.82,-18.5,-37.0,-53.7,-60.8,-48.5,-47.3
0.92,-16.9,-41.5,-35.9,-42.0,-62.3,-59.2
1.02,-17.4,-36.1,-55.2,-65.8,-48.1,-47.4
1.12,-18.9,-38.1,-33.8,-43.9,-60.5,-62.2
1.22,-19.2,-39.7,-56.0,-64.5,-51.8,-47.5
1.32,-18.9,-36.7,-28.4,-55.5,-66.1,-65.6
1.42,-17.4,-39.3,-28.6,-49.8,-62.9,-66.2
1.52,-15.1,-27.0,-29.1,-65.3,-70.9,-73.7
1.62,-18.3,-43.3,-30.1,-51.6,-67.6,-61.0
1.72,-17.0,-38.8,-27.9,-57.3,-63.8,-60.0
1.82,-17.5,-35.5,-39.6,-65.2,-51.8,-47.3
1.92,-18.4,-37.3,-33.4,-52.5,-66.9,-59.3
2.02,-17.9,-43.2,-49.4,-66.6,-60.5,-47.1
2.12,-26.6,-42.2,-35.2,-57.6,-56.0,-50.4
2.22,-34.2,-41.9,-53.7,-56.4,-51.9,-52.4
2.32,-16.9,-36.1,-39.9,-58.4,-60.4,-56.2
2.42,-22.8,-34.5,-43.2,-58.5,-69.1,-61.6
2.52,-18.5,-36.3,-34.0,-42.6,-64.2,-63.0
2.62,-16.5,-28.3,-31.9,-56.2,-70.3,-69.0
2.72,-17.0,-54.3,-32.0,-45.0,-55.6,-56.2
2.82,-15.9,-57.8,-27.3,-50.2,-71.2,-71.5
2.92,-15.7,-57.5,-29.7,-48.9,-59.7,-58.3
3.02,-17.5,-56.1,-36.2,-59.2,-50.8,-49.7
3.12,-19.2,-68.6,-56.5,-69.1,-57.2,-50.4
3.22,-18.6,-49.1,-32.7,-50.8,-65.1,-65.4
3.32,-20.7,-58.0,-54.2,-43.2,-54.6,-56.9
3.42,-34.0,-32.5,-28.1,-48.8,-73.9,-78.6
3.52,-18.3,-46.7,-32.5,-48.0,-60.5,-60.4
3.62,-18.1,-34.5,-30.2,-53.2,-64.9,-57.3
3.72,-16.2,-31.1,-35.4,-65.6,-63.8,-53.5
3.82,-15.8,-41.9,-28.6,-56.1,-64.0,-65.9
3.92,-19.8,-30.7,-38.7,-50.1,-62.7,-54.1
4.02,-18.8,-33.9,-34.9,-56.8,-72.6,-66.2
4.12,-20.1,-31.1,-32.7,-48.8,-61.3,-59.5
4.22,-29.9,-54.3,-46.4,-67.2,-99.2,-100.9
4.32,-18.0,-56.4,-32.3,-49.8,-62.1,-61.3
4.42,-32.6,-63.3,-49.3,-64.6,-91.7,-91.1
4.52,-18.8,-71.9,-57.0,-67.6,-60.6,-47.0
4.62,-19.1,-52.7,-31.4,-47.8,-67.3,-71.6
4.72,-15.1,-32.7,-31.0,-51.0,-64.6,-65.0
4.82,-25.5,-49.7,-43.6,-65.1,-97.7,-99.0
4.92,-17.5,-34.2,-30.4,-52.3,-59.5,-57.8
5.02,-34.0,-60.1,-51.2,-64.1,-69.2,-66.5
5.12,-21.1,-49.1,-50.8,-56.3,-65.6,-59.5
5.22,-18.9,-67.5,-60.5,-61.2,-49.8,-51.8
5.32,-25.7,-50.8,-56.8,-62.4,-79.3,-70.7
5.42,-48.1,-84.7,-59.4,-74.7,-105.4,-108.9
5.52,-26.6,-52.6,-55.5,-50.8,-56.8,-58.7
5.62,-30.3,-62.9,-60.3,-64.5,-70.1,-73.4
5.72,-52.5,-77.7,-68.8,-78.4,-124.2,-129.9
5.82,-20.5,-38.6,-35.8,-48.6,-61.5,-59.7
5.92,-18.8,-65.8,-62.5,-64.2,-51.0,-50.7
6.02,-18.8,-62.2,-45.6,-39.5,-69.1,-66.6
6.12,-38.0,-52.2,-49.8,-58.7,-58.0,-57.0
6.22,-20.1,-54.8,-35.9,-52.8,-58.8,-60.5
6.32,-17.2,-32.3,-32.5,-54.3,-70.1,-55.7
6.42,-16.6,-29.0,-33.3,-58.6,-76.1,-76.6
6.52,-33.8,-53.9,-57.7,-56.9,-63.8,-67.1
6.62,-20.6,-44.8,-46.2,-45.5,-59.3,-56.8
6.72,-21.3,-37.6,-39.6,-42.7,-68.8,-72.7
6.82,-25.5,-48.7,-46.5,-56.6,-58.4,-47.6
6.92,-21.5,-40.0,-36.1,-47.3,-62.3,-62.5
7.02,-16.1,-44.8,-30.3,-47.0,-58.6,-62.3
7.12,-16.1,-45.8,-48.9,-52.2,-61.2,-52.2
7.22,-18.6,-60.9,-32.0,-45.3,-50.9,-59.3
7.32,-19.9,-65.4,-36.0,-51.8,-57.0,-52.7
7.42,-19.9,-37.1,-33.6,-49.1,-66.6,-60.3
7.52,-16.2,-52.5,-31.7,-46.7,-60.7,-63.9
7.62,-18.9,-48.9,-28.9,-52.5,-62.8,-61.6
7.72,-16.1,-59.2,-28.8,-55.4,-55.7,-60.9
7.82,-19.3,-55.0,-32.6,-46.1,-67.4,-65.1
7.92,-15.6,-58.5,-27.6,-55.6,-70.5,-69.5
8.02,-16.7,-65.9,-38.8,-39.8,-58.6,-61.4
8.12,-18.2,-62.2,-29.8,-50.4,-63.2,-65.6
8.22,-19.3,-57.7,-33.2,-45.0,-58.1,-55.4
8.32,-43.7,-63.9,-59.4,-61.7,-71.8,-66.8
8.42,-18.6,-58.8,-33.7,-44.8,-60.1,-56.5
8.52,-28.2,-64.0,-63.3,-58.6,-76.8,-75.3
8.62,-18.0,-54.2,-34.0,-46.8,-61.4,-58.1
8.72,-18.9,-65.7,-70.4,-62.2,-47.7,-47.7
8.82,-18.2,-47.0,-31.8,-46.4,-66.4,-64.5
8.92,-20.2,-35.6,-58.7,-61.0,-73.0,-80.8
9.02,-41.8,-49.5,-60.7,-74.1,-93.5,-96.8
9.12,-29.7,-46.7,-55.7,-53.9,-81.6,-76.4
9.22,-16.7,-39.0,-41.9,-57.7,-50.8,-50.5
9.32,-19.2,-51.5,-38.3,-41.3,-62.6,-62.8
9.42,-17.1,-52.9,-47.0,-40.6,-63.1,-62.0
9.52,-17.8,-59.5,-31.5,-44.6,-63.1,-64.4
9.62,-20.2,-56.9,-45.4,-43.6,-61.9,-60.5
9.72,-23.8,-54.9,-48.7,-46.1,-65.8,-59.1
9.82,-22.4,-56.5,-48.7,-46.3,-61.3,-60.7
9.92,-19.1,-47.8,-49.6,-67.8,-46.8,-49.3
10.02,-20.9,-48.3,-33.5,-53.0,-56.7,-55.5
10.12,-16.9,-39.8,-32.6,-46.2,-61.6,-59.5
10.22,-18.3,-37.0,-46.1,-57.7,-59.9,-50.3
10.32,-19.7,-41.3,-32.4,-50.0,-64.5,-65.3
10.42,-46.1,-51.5,-44.6,-57.1,-58.9,-54.3
10.52,-21.3,-52.2,-35.5,-44.2,-65.8,-70.3
10.62,-18.4,-44.8,-54.1,-61.8,-54.3,-45.4
10.72,-35.5,-42.1,-35.0,-51.9,-58.2,-59.9
10.82,-18.3,-42.6,-30.3,-56.2,-65.1,-61.5
10.92,-24.7,-47.2,-55.6,-64.9,-52.9,-51.9
11.02,-19.3,-47.7,-33.5,-48.6,-65.8,-68.8
11.12,-19.6,-57.9,-54.2,-57.0,-51.0,-47.1
11.22,-17.8,-34.4,-42.1,-77.1,-84.4,-87.3
11.32,-21.9,-39.9,-30.7,-53.4,-56.3,-60.7
11.42,-17.2,-51.5,-28.9,-55.3,-74.5,-66.8
11.52,-31.1,-51.8,-54.1,-58.3,-70.8,-72.9
11.62,-22.5,-47.8,-49.4,-54.2,-56.8,-58.7
11.72,-19.5,-71.8,-64.2,-70.3,-47.3,-47.9
11.82,-17.8,-69.2,-74.6,-70.4,-48.7,-45.2
11.92,-20.5,-49.0,-44.3,-45.7,-57.9,-54.7
12.02,-20.1,-36.4,-28.9,-60.0,-71.4,-77.5
12.12,-19.6,-42.0,-34.0,-45.1,-66.7,-64.2
12.22,-19.5,-34.6,-29.0,-54.7,-72.5,-73.3
12.32,-33.1,-47.1,-49.7,-61.6,-66.9,-69.1
12.42,-21.0,-31.3,-41.4,-53.0,-73.7,-57.2
12.52,-20.3,-32.9,-41.7,-55.4,-49.4,-53.5
12.62,-17.1,-34.9,-29.4,-53.1,-79.3,-73.6
12.72,-16.8,-33.2,-33.2,-56.3,-67.8,-52.8
12.82,-33.7,-59.1,-61.8,-68.5,-90.7,-93.7
12.92,-32.9,-37.4,-31.9,-62.4,-86.3,-84.8
13.02,-17.0,-37.2,-31.8,-45.6,-72.5,-63.1
13.12,-17.9,-26.6,-33.1,-52.8,-68.1,-73.1
13.22,-32.3,-41.3,-57.6,-76.6,-94.9,-99.7
13.32,-32.7,-46.4,-63.4,-74.8,-94.6,-128.6
13.42,-43.4,-32.9,-33.7,-60.1,-71.6,-56.5
13.52,-18.4,-34.3,-31.9,-49.6,-72.0,-62.5
13.62,-19.5,-42.5,-48.6,-62.9,-57.4,-46.6
13.72,-18.2,-42.7,-32.0,-49.1,-66.3,-60.4
13.82,-21.6,-31.6,-35.6,-52.5,-76.9,-60.1
13.92,-22.5,-40.6,-47.2,-63.8,-75.1,-72.4
14.02,-18.4,-30.7,-39.3,-48.4,-57.1,-52.3
14.12,-33.4,-39.3,-56.6,-65.5,-74.4,-105.1
14.22,-35.3,-53.8,-64.1,-64.3,-74.0,-105.2
14.32,-42.6,-49.9,-62.0,-63.2,-74.2,-107.0
14.42,-40.9,-53.9,-68.3,-65.3,-76.5,-101.9
14.52,-40.4,-52.7,-65.0,-62.3,-78.9,-94.1
14.62,-39.9,-54.2,-67.4,-66.1,-72.4,-84.4
14.72,-43.0,-54.9,-62.6,-65.2,-71.4,-82.7
14.82,-33.5,-45.3,-59.8,-65.0,-64.6,-69.0
14.92,-34.6,-44.4,-60.1,-65.1,-68.3,-76.0
15.02,-34.6,-47.2,-65.3,-65.9,-68.2,-72.0
15.12,-34.0,-50.6,-67.8,-67.5,-73.4,-78.1
15.22,-37.3,-45.9,-73.0,-68.7,-75.1,-80.9
15.32,-38.0,-44.3,-71.7,-72.7,-75.8,-77.1
15.42,-31.4,-39.0,-64.1,-72.6,-80.4,-82.9
15.52,-32.1,-43.8,-54.8,-77.5,-85.0,-87.1
15.62,-17.1,-25.5,-45.2,-80.7,-88.1,-91.7
15.72,-24.4,-32.0,-50.3,-56.5,-63.0,-60.2
15.82,-17.8,-44.0,-29.9,-55.2,-57.6,-55.6
15.92,-17.7,-47.2,-29.5,-49.1,-59.3,-58.7
16.02,-18.0,-48.4,-28.5,-56.7,-69.7,-64.0
16.12,-15.6,-50.6,-27.8,-57.4,-59.8,-62.1
16.22,-16.3,-47.0,-28.3,-53.6,-60.3,-62.7
16.32,-20.4,-53.5,-38.8,-69.2,-65.7,-49.7
16.42,-18.1,-47.6,-26.9,-66.5,-75.5,-70.4
16.52,-17.8,-50.2,-30.6,-56.9,-67.4,-66.3
16.62,-46.3,-56.2,-55.4,-65.8,-68.1,-66.8
16.72,-15.6,-45.4,-28.2,-56.4,-67.5,-61.2
16.82,-18.5,-57.3,-33.4,-43.3,-56.5,-63.2
16.92,-15.3,-33.2,-31.9,-61.9,-75.3,-86.0
17.02,-23.4,-29.5,-38.9,-53.5,-62.5,-52.0
17.12,-16.5,-61.2,-29.1,-46.5,-70.1,-72.0
17.22,-17.6,-53.6,-28.6,-57.9,-70.8,-69.4
17.32,-17.5,-58.7,-33.2,-50.3,-66.6,-63.2
17.42,-18.5,-67.6,-38.7,-51.6,-66.9,-51.9
17.52,-18.6,-57.4,-39.4,-40.3,-68.7,-66.2
17.62,-16.8,-55.0,-37.6,-39.7,-66.7,-70.6
17.72,-17.4,-55.6,-37.7,-40.0,-67.7,-66.8
17.82,-37.0,-49.2,-48.7,-58.0,-56.4,-48.4
17.92,-23.6,-43.9,-33.2,-44.3,-72.1,-61.4
18.02,-18.0,-40.5,-28.7,-52.2,-61.7,-59.4
18.12,-19.2,-35.0,-36.1,-51.8,-54.1,-57.2
18.22,-18.1,-38.3,-40.0,-66.6,-80.4,-79.0
18.32,-15.9,-35.5,-51.7,-61.9,-50.2,-48.0
18.42,-17.8,-28.4,-35.5,-39.1,-61.4,-68.5
18.52,-14.0,-29.5,-28.0,-50.3,-69.6,-70.7
18.62,-14.7,-31.3,-32.0,-43.7,-73.9,-66.8
18.72,-19.5,-35.0,-47.9,-66.5,-50.2,-47.0
18.82,-17.9,-38.7,-61.6,-70.3,-47.9,-46.7
18.92,-33.8,-49.9,-61.3,-71.6,-81.3,-74.8
19.02,-18.2,-47.8,-41.5,-55.6,-56.5,-61.7
19.12,-31.9,-47.7,-51.6,-61.5,-74.5,-93.8
19.22,-23.6,-43.4,-37.0,-53.9,-57.9,-55.4
19.32,-23.0,-43.9,-53.2,-42.9,-53.2,-56.4
19.42,-20.6,-50.2,-55.5,-47.1,-53.9,-60.3
19.52,-19.1,-57.0,-36.0,-47.0,-58.0,-51.8
19.62,-40.7,-55.3,-50.7,-58.7,-57.5,-48.0
19.72,-18.9,-37.4,-31.6,-45.5,-60.2,-60.6
19.82,-18.7,-44.8,-30.2,-50.7,-55.0,-58.0
19.92,-19.3,-50.6,-30.3,-51.7,-58.1,-60.2
20.02,-17.5,-46.6,-29.2,-49.7,-67.5,-66.1
20.12,-16.5,-55.4,-27.9,-50.1,-64.6,-69.0
20.22,-18.0,-57.7,-34.2,-45.3,-62.2,-67.5
20.32,-19.2,-51.1,-48.0,-62.5,-75.1,-86.1
20.42,-19.4,-43.0,-34.4,-45.4,-67.8,-68.7
20.52,-20.9,-40.6,-32.8,-48.1,-66.7,-67.6
20.62,-33.0,-45.6,-46.2,-48.7,-60.9,-61.3
20.72,-21.8,-47.8,-45.4,-47.1,-54.4,-55.3
20.82,-26.0,-52.3,-35.8,-50.3,-62.4,-54.6
20.92,-16.3,-54.7,-29.7,-49.7,-62.7,-58.2
21.02,-18.5,-67.2,-52.5,-61.0,-48.3,-49.2
21.12,-18.1,-70.9,-32.7,-47.7,-68.4,-62.0
21.22,-16.8,-66.3,-30.3,-44.8,-61.4,-63.9
21.32,-18.5,-72.7,-57.9,-64.5,-48.5,-47.5
21.42,-19.3,-62.3,-34.7,-61.9,-75.4,-83.2
21.52,-19.3,-40.1,-35.0,-57.4,-68.9,-63.1
21.62,-20.0,-57.6,-32.4,-55.3,-54.6,-58.8
21.72,-17.7,-56.6,-30.9,-52.2,-57.0,-60.5
21.82,-18.9,-45.8,-55.8,-46.8,-54.1,-49.4
21.92,-41.3,-56.0,-57.2,-66.8,-82.0,-97.2
22.02,-20.4,-55.4,-35.9,-55.4,-51.9,-54.7
22.12,-21.0,-66.6,-43.7,-56.6,-51.4,-51.2
22.22,-22.0,-70.5,-40.9,-52.8,-53.9,-51.4
22.32,-20.4,-62.9,-34.6,-54.9,-55.9,-53.5
22.42,-19.8,-66.0,-39.0,-55.5,-58.7,-50.0
22.52,-20.0,-73.9,-39.5,-56.5,-52.7,-50.6
22.62,-21.2,-71.8,-43.0,-55.5,-50.6,-51.6
22.72,-20.7,-67.0,-41.5,-59.4,-55.1,-50.5
22.82,-21.4,-64.8,-39.3,-58.9,-52.9,-51.1
22.92,-20.3,-71.9,-44.6,-57.6,-53.5,-51.5
23.02,-20.5,-70.1,-40.3,-55.7,-49.7,-52.2
23.12,-22.3,-60.5,-42.0,-54.7,-50.6,-52.8
23.22,-20.0,-57.6,-36.9,-51.2,-50.0,-52.2
23.32,-21.8,-53.2,-40.4,-52.2,-51.2,-52.2
23.42,-22.0,-47.5,-35.7,-52.8,-59.9,-63.2
23.52,-21.6,-50.0,-35.1,-44.7,-60.4,-55.7
23.62,-29.5,-44.2,-52.2,-62.3,-77.1,-91.8
23.72,-18.8,-44.6,-36.5,-48.0,-61.4,-53.4
23.82,-21.1,-42.5,-48.8,-60.9,-49.4,-49.2
23.92,-20.8,-40.6,-41.1,-41.4,-63.8,-60.9
24.02,-16.7,-38.8,-27.9,-52.3,-72.1,-76.4
24.12,-19.0,-41.3,-40.6,-41.0,-62.1,-67.3
24.22,-19.5,-38.0,-39.2,-42.8,-63.3,-64.2
24.32,-19.2,-41.7,-38.5,-60.1,-61.0,-50.7
24.42,-17.3,-37.8,-30.1,-61.5,-68.5,-69.8
24.52,-28.8,-37.8,-41.5,-57.5,-61.8,-49.6
24.62,-17.7,-41.7,-34.3,-42.8,-57.2,-60.8
24.72,-18.2,-36.9,-33.5,-43.1,-55.1,-60.1
24.82,-17.6,-37.1,-31.2,-44.8,-58.5,-65.2
24.92,-20.7,-45.5,-50.6,-61.6,-65.1,-73.6
25.02,-24.6,-32.3,-53.4,-62.4,-68.1,-77.5
25.12,-20.2,-39.5,-48.4,-46.3,-55.5,-53.6
25.22,-18.6,-31.8,-34.3,-46.5,-66.5,-60.8
25.32,-17.1,-30.2,-34.6,-62.7,-50.6,-52.6
25.42,-17.9,-44.6,-56.3,-66.6,-46.6,-48.6
25.52,-18.6,-34.7,-31.1,-53.3,-60.0,-61.1
25.62,-26.2,-36.4,-47.8,-68.4,-84.0,-92.1
25.72,-18.3,-53.3,-43.6,-42.5,-55.1,-59.0
25.82,-20.9,-46.7,-29.1,-53.9,-65.7,-62.6
25.92,-18.9,-40.5,-38.4,-64.6,-53.6,-51.7
26.02,-20.7,-41.3,-38.4,-47.9,-66.8,-64.1
26.12,-28.4,-40.2,-47.8,-62.1,-76.7,-91.0
26.22,-18.8,-34.6,-35.2,-42.4,-63.6,-69.3
26.32,-16.7,-30.1,-29.9,-56.6,-71.6,-67.3
26.42,-19.5,-44.8,-33.7,-43.2,-66.3,-72.4
26.52,-18.5,-39.8,-50.8,-52.6,-53.5,-48.2
26.62,-19.4,-34.0,-31.0,-49.1,-60.1,-66.9
26.72,-33.3,-33.5,-46.1,-55.4,-60.6,-56.3
26.82,-15.0,-34.6,-35.9,-41.8,-68.1,-66.2
26.92,-17.2,-41.1,-31.0,-51.4,-63.0,-73.1
27.02,-17.4,-37.7,-48.1,-38.6,-59.5,-63.4
27.12,-17.5,-33.6,-30.6,-47.5,-63.5,-61.4
27.22,-17.1,-34.9,-34.1,-44.5,-51.1,-63.9
27.32,-17.1,-37.0,-32.7,-48.2,-52.9,-60.5
27.42,-17.7,-33.8,-45.7,-58.3,-56.0,-54.9
27.52,-20.5,-41.8,-40.5,-40.7,-58.4,-56.5
27.62,-20.1,-32.4,-41.8,-59.2,-51.8,-48.5
27.72,-18.8,-40.0,-55.6,-57.5,-49.8,-50.5
27.82,-15.9,-41.9,-55.6,-39.4,-58.4,-59.9
27.92,-15.4,-36.4,-52.7,-37.9,-67.5,-64.7
28.02,-17.1,-37.5,-47.3,-40.9,-60.4,-62.2
28.12,-18.7,-38.4,-35.7,-47.1,-68.5,-68.4
28.22,-18.9,-35.1,-33.8,-53.1,-52.7,-53.5
28.32,-35.4,-41.4,-56.5,-69.6,-81.7,-89.7
28.42,-41.3,-41.8,-59.4,-73.4,-81.3,-91.4
28.52,-31.9,-40.5,-59.8,-72.4,-82.8,-90.1
28.62,-32.9,-38.1,-50.7,-67.2,-79.6,-88.9
28.72,-22.0,-50.7,-48.0,-45.8,-64.6,-60.3
28.82,-21.0,-64.0,-55.4,-42.9,-58.2,-59.1
28.92,-22.9,-35.1,-39.1,-50.8,-67.3,-61.7
29.02,-45.7,-51.5,-64.3,-82.4,-98.2,-100.9
29.12,-34.1,-42.6,-56.0,-77.5,-95.9,-109.1
29.22,-16.5,-33.1,-30.0,-49.3,-62.4,-62.5
29.32,-14.0,-33.1,-28.9,-50.6,-67.6,-66.7
29.42,-25.9,-40.8,-49.2,-53.3,-71.7,-68.8
29.52,-17.8,-30.0,-31.1,-55.0,-70.7,-70.7
29.62,-15.7,-33.2,-28.1,-61.6,-78.6,-71.8
29.72,-17.0,-30.3,-32.0,-64.2,-72.2,-66.4
29.82,-18.8,-32.0,-45.9,-65.9,-63.3,-65.9
29.92,-22.5,-53.2,-59.5,-57.0,-51.9,-52.6
30.02,-26.2,-60.3,-70.2,-55.1,-80.0,-78.0
30.12,-38.0,-67.8,-74.6,-65.0,-84.3,-81.9
30.22,-44.3,-72.4,-72.0,-68.4,-106.7,-93.0
30.32,-19.7,-34.0,-34.9,-61.9,-59.5,-53.4
30.42,-17.7,-39.0,-31.4,-50.6,-61.2,-56.9
30.52,-14.8,-42.7,-26.6,-51.1,-70.0,-72.2
30.62,-34.0,-62.1,-57.7,-70.2,-80.4,-96.0
30.72,-24.4,-57.3,-29.9,-49.1,-67.7,-65.6
30.82,-19.9,-41.8,-43.3,-54.3,-70.1,-71.7
30.92,-17.9,-42.9,-36.6,-43.0,-57.2,-58.0
31.02,-39.7,-35.2,-48.4,-49.7,-55.7,-56.5
31.12,-22.4,-41.2,-28.6,-51.2,-60.7,-63.4
31.22,-29.3,-50.8,-39.5,-62.3,-69.4,-77.0
31.32,-18.4,-39.4,-30.4,-50.1,-60.7,-66.5
31.42,-16.6,-31.7,-32.5,-54.4,-66.7,-81.2
31.52,-18.4,-37.5,-43.7,-40.2,-56.0,-58.6
31.62,-24.5,-35.6,-37.6,-56.3,-69.7,-78.7
31.72,-18.7,-31.6,-44.3,-55.0,-70.4,-84.0
31.82,-16.7,-36.2,-32.9,-46.7,-58.0,-61.6
31.92,-22.8,-37.3,-48.7,-58.5,-52.1,-52.7
32.02,-21.1,-40.8,-54.2,-67.1,-49.5,-50.5
32.12,-23.7,-40.9,-43.5,-45.6,-64.1,-71.1
32.22,-25.7,-41.5,-45.6,-69.5,-72.7,-72.2
32.32,-35.7,-41.5,-42.2,-72.2,-82.4,-84.0
32.42,-22.1,-40.5,-50.1,-58.8,-64.4,-69.6
32.52,-33.1,-31.9,-37.6,-49.9,-69.1,-68.5
32.62,-25.5,-33.3,-45.9,-63.7,-90.1,-96.7
32.72,-26.1,-35.3,-63.6,-73.0,-98.6,-106.5
32.82,-33.1,-38.1,-47.5,-68.3,-68.0,-68.6
32.92,-28.9,-37.9,-45.4,-55.7,-73.6,-101.4
33.02,-31.6,-35.2,-48.7,-64.9,-76.4,-77.4
33.12,-28.0,-34.8,-55.5,-69.6,-94.6,-96.1
33.22,-26.6,-43.0,-54.9,-76.0,-101.2,-103.6
33.32,-27.2,-40.3,-46.5,-53.5,-88.4,-102.3
33.42,-29.2,-39.1,-46.8,-52.8,-65.0,-82.0
33.52,-30.4,-42.1,-44.0,-54.2,-72.7,-69.3
33.62,-29.3,-38.1,-65.5,-58.1,-95.5,-96.3
33.72,-16.5,-36.4,-30.8,-43.9,-65.4,-66.7
33.82,-16.8,-51.1,-31.1,-42.4,-62.7,-64.2
33.92,-18.0,-36.7,-29.2,-54.8,-90.8,-97.7
34.02,-25.0,-43.4,-35.0,-58.1,-63.4,-61.1
34.12,-21.0,-55.0,-31.9,-48.2,-66.4,-69.7
34.22,-19.5,-53.6,-29.9,-55.4,-64.4,-71.6
34.32,-19.8,-27.8,-33.2,-53.4,-71.1,-71.1
34.42,-18.0,-35.6,-38.5,-41.4,-62.5,-67.9
34.52,-17.0,-44.7,-35.2,-43.8,-65.7,-68.8
34.62,-21.9,-41.8,-41.2,-59.4,-74.1,-75.8
34.72,-39.2,-71.0,-77.3,-80.9,-77.8,-102.6
34.82,-26.9,-40.5,-44.8,-53.8,-67.5,-69.1
34.92,-31.6,-41.7,-44.7,-59.4,-94.1,-104.3
35.02,-29.9,-33.4,-46.4,-70.5,-78.7,-78.2
35.12,-28.4,-37.9,-48.5,-75.7,-97.6,-96.8
35.22,-27.6,-36.6,-51.9,-68.0,-66.7,-77.3
35.32,-27.0,-37.6,-51.9,-53.5,-71.0,-68.8
35.42,-27.3,-35.9,-51.1,-53.5,-65.7,-82.8
35.52,-27.3,-36.4,-41.6,-57.0,-72.1,-68.5
35.62,-26.2,-35.4,-58.8,-73.8,-92.2,-94.4
35.72,-26.1,-35.5,-60.0,-67.2,-89.0,-107.0
35.82,-31.2,-36.7,-54.0,-72.8,-91.3,-106.7
35.92,-23.3,-31.0,-45.3,-61.2,-78.9,-95.7
36.02,-27.0,-31.6,-46.8,-65.0,-76.9,-96.7
36.12,-21.9,-42.9,-36.1,-53.1,-70.4,-69.9
36.22,-19.2,-48.5,-33.9,-45.8,-57.2,-61.8
36.32,-26.0,-35.3,-41.1,-53.8,-67.3,-67.2
36.42,-17.9,-39.0,-34.6,-57.9,-74.0,-74.8
36.52,-22.9,-32.2,-34.6,-55.1,-67.0,-65.1
36.62,-18.8,-37.6,-31.2,-59.0,-71.2,-73.6
36.72,-20.8,-32.2,-38.1,-65.7,-73.9,-71.4
36.82,-19.8,-31.6,-37.0,-55.2,-68.9,-69.8
36.92,-19.3,-42.0,-36.6,-44.5,-60.1,-67.7
37.02,-20.2,-32.6,-35.2,-56.0,-53.8,-52.4
37.12,-18.1,-37.6,-40.4,-55.1,-60.6,-60.5
37.22,-19.3,-40.2,-39.6,-42.0,-62.9,-66.0
37.32,-20.9,-37.7,-37.9,-43.3,-60.5,-64.2
37.42,-18.4,-39.1,-37.4,-42.8,-64.6,-72.2
37.52,-20.7,-38.1,-36.4,-54.6,-64.4,-68.9
37.62,-22.7,-38.1,-36.4,-55.9,-57.8,-60.7
37.72,-21.3,-56.1,-50.9,-51.9,-77.6,-85.1
37.82,-32.5,-40.6,-53.9,-66.2,-71.0,-71.8
37.92,-30.5,-40.5,-53.8,-63.2,-89.2,-89.7
38.02,-31.9,-40.7,-55.0,-72.2,-70.6,-74.9
38.12,-31.2,-41.7,-53.9,-65.9,-79.8,-96.7
38.22,-19.4,-41.5,-49.6,-66.0,-49.1,-48.4
38.32,-19.9,-44.1,-67.2,-63.5,-50.5,-47.5
38.42,-17.6,-42.2,-27.8,-54.8,-69.4,-71.9
38.52,-24.1,-35.3,-35.3,-47.4,-59.6,-64.3
38.62,-17.9,-35.8,-30.4,-50.4,-52.9,-67.5
38.72,-23.2,-38.3,-33.0,-53.0,-80.9,-93.2
38.82,-31.1,-40.2,-34.4,-53.1,-65.9,-67.1
38.92,-15.2,-40.2,-30.0,-50.8,-65.5,-76.1
39.02,-18.6,-37.4,-31.1,-48.7,-68.6,-70.2
39.12,-31.0,-38.1,-46.5,-65.7,-82.8,-98.0
39.22,-26.4,-46.3,-54.5,-51.6,-49.9,-54.8
39.32,-25.6,-43.3,-42.1,-49.6,-60.6,-63.3
39.42,-23.3,-37.0,-38.2,-53.1,-64.9,-63.9
39.52,-28.3,-46.1,-45.9,-55.1,-73.5,-70.1
39.62,-31.9,-40.4,-69.3,-70.4,-83.0,-98.1
39.72,-29.8,-39.6,-62.4,-63.4,-75.4,-72.4
39.82,-20.8,-34.5,-36.2,-51.3,-62.1,-67.5
39.92,-16.1,-53.3,-28.9,-52.8,-61.3,-65.4
40.02,-20.3,-52.9,-31.7,-60.5,-64.5,-64.9
40.12,-20.2,-34.7,-45.7,-73.4,-82.9,-97.7
40.22,-17.4,-40.2,-35.3,-42.8,-58.6,-76.1
40.32,-21.0,-34.6,-41.3,-46.0,-70.5,-78.5
40.42,-29.9,-40.7,-53.6,-56.3,-72.5,-72.9
40.52,-31.4,-40.0,-51.2,-53.5,-62.7,-76.7
40.62,-27.7,-40.6,-41.4,-58.4,-64.0,-69.8
40.72,-27.3,-41.3,-60.2,-53.9,-70.6,-77.1
40.82,-29.5,-41.7,-62.3,-62.1,-82.6,-98.2
40.92,-29.2,-37.4,-56.6,-67.6,-75.0,-73.4
41.02,-31.6,-38.5,-60.4,-70.3,-77.3,-73.6
41.12,-30.1,-38.7,-59.3,-65.9,-66.8,-72.5
41.22,-30.8,-38.1,-52.5,-63.1,-82.2,-120.2
41.32,-28.2,-36.0,-48.2,-59.7,-81.4,-78.2
41.42,-30.5,-37.4,-56.0,-58.3,-91.1,-119.3
41.52,-31.0,-35.1,-54.1,-64.0,-92.4,-126.3
41.62,-30.3,-40.0,-61.1,-69.5,-98.3,-125.1
41.72,-34.8,-48.0,-64.1,-74.4,-104.1,-126.6
41.82,-37.3,-46.8,-64.2,-76.9,-113.1,-130.1
41.92,-35.1,-46.9,-67.2,-82.7,-118.3,-130.3
42.02,-17.7,-42.8,-30.6,-52.3,-74.7,-74.7
42.12,-17.1,-42.7,-31.1,-56.4,-59.8,-65.4
42.22,-28.5,-44.5,-51.9,-59.1,-63.1,-61.0
42.32,-21.4,-34.9,-35.1,-50.6,-68.8,-70.1
42.42,-15.7,-32.2,-33.2,-62.5,-86.6,-94.5
42.52,-17.2,-53.8,-32.2,-45.3,-72.3,-77.0
42.62,-18.6,-70.4,-32.5,-49.8,-60.1,-75.7
42.72,-18.5,-81.7,-35.0,-42.4,-67.2,-74.6
42.82,-22.1,-88.2,-71.0,-68.9,-52.4,-49.4
42.92,-24.0,-69.6,-72.4,-69.5,-59.2,-59.5
43.02,-40.4,-51.1,-64.3,-79.9,-96.7,-116.6
43.12,-28.2,-40.1,-61.2,-75.4,-84.8,-103.3
43.22,-31.2,-38.8,-65.9,-71.2,-77.9,-91.8
43.32,-31.3,-40.3,-60.7,-69.2,-76.0,-86.0
43.42,-26.6,-36.1,-48.5,-59.3,-65.9,-76.5
43.52,-30.0,-37.7,-49.8,-72.7,-78.8,-102.7
43.62,-31.8,-44.4,-51.1,-67.4,-72.8,-78.3
43.72,-36.6,-42.1,-42.1,-59.3,-66.2,-61.3
43.82,-13.6,-33.2,-26.9,-46.5,-64.4,-66.3
43.92,-16.7,-38.6,-32.1,-56.6,-58.1,-53.4
44.02,-34.6,-41.4,-39.2,-62.9,-65.8,-58.5
44.12,-19.9,-33.0,-44.3,-53.1,-71.9,-69.7
44.22,-18.2,-30.9,-38.1,-43.2,-71.1,-69.0
44.32,-16.3,-41.7,-35.3,-41.4,-67.1,-68.6
44.42,-18.0,-37.3,-34.7,-42.9,-55.6,-62.1
44.52,-16.9,-34.1,-31.7,-52.4,-60.5,-58.8
44.62,-16.1,-35.0,-29.1,-52.0,-72.5,-71.1
44.72,-16.0,-37.2,-28.6,-54.3,-81.2,-78.6
44.82,-35.3,-51.5,-55.9,-63.7,-79.1,-96.1
44.92,-26.3,-37.5,-48.6,-67.4,-74.8,-73.3
45.02,-32.0,-40.3,-47.2,-63.9,-76.7,-73.9
45.12,-17.6,-40.2,-29.1,-51.9,-62.4,-61.4
45.22,-21.1,-51.0,-30.4,-48.4,-69.3,-70.5
45.32,-16.7,-52.4,-30.8,-49.0,-59.2,-59.7
45.42,-17.9,-33.1,-47.7,-60.3,-52.0,-49.9
45.52,-30.9,-56.7,-56.2,-68.0,-81.1,-76.7
45.62,-21.8,-33.7,-48.4,-61.7,-76.0,-75.4
45.72,-22.7,-52.5,-53.4,-45.5,-55.5,-56.1
45.82,-31.6,-68.2,-65.8,-53.8,-84.3,-112.3
45.92,-14.0,-24.0,-31.0,-68.6,-88.7,-92.0
46.02,-17.4,-64.2,-29.8,-46.3,-57.5,-61.2
46.12,-15.1,-52.9,-30.2,-45.6,-66.9,-66.3
46.22,-22.5,-56.2,-31.7,-49.9,-60.3,-59.3
46.32,-18.7,-53.5,-32.3,-54.4,-59.9,-52.4
46.42,-18.5,-39.9,-41.2,-60.1,-58.7,-58.0
46.52,-19.7,-43.2,-31.4,-50.2,-65.6,-60.4
46.62,-17.9,-62.1,-62.7,-68.5,-51.4,-48.2
46.72,-18.9,-34.3,-32.3,-52.6,-66.4,-63.5
46.82,-20.1,-53.7,-33.3,-51.4,-58.9,-54.0
46.92,-21.9,-55.2,-35.0,-58.3,-81.2,-66.1
47.02,-20.7,-57.4,-50.1,-57.3,-67.5,-57.0
47.12,-15.8,-59.6,-28.7,-55.6,-55.6,-63.9
47.22,-16.4,-44.8,-36.1,-73.1,-78.6,-79.9
47.32,-63.6,-86.0,-92.4,-98.2,-105.9,-106.7
47.42,-29.6,-68.9,-68.5,-50.6,-100.5,-115.0
47.52,-31.1,-57.8,-38.9,-40.4,-60.2,-57.5
47.62,-16.4,-55.9,-30.4,-50.0,-59.1,-59.6
47.72,-18.3,-69.2,-34.6,-43.8,-64.2,-63.8
47.82,-16.2,-31.7,-27.8,-61.3,-75.0,-62.6
47.92,-16.3,-29.6,-32.6,-57.9,-72.0,-62.0
48.02,-31.5,-57.7,-69.0,-80.3,-78.8,-82.6
48.12,-68.0,-86.8,-106.0,-89.9,-129.4,-130.4
48.22,-75.5,-90.1,-109.2,-96.6,-128.9,-130.2
48.32,-73.3,-92.3,-108.7,-94.0,-127.5,-130.4
48.42,-40.5,-43.7,-58.0,-66.8,-125.6,-130.6
48.52,-34.7,-40.2,-49.6,-71.4,-123.8,-130.3
48.62,-29.8,-43.0,-49.4,-72.4,-99.0,-106.8
48.72,-36.6,-60.2,-70.9,-71.1,-74.5,-82.1
48.82,-55.6,-75.1,-76.5,-77.8,-95.8,-103.2
48.92,-29.0,-40.0,-47.5,-52.6,-73.7,-80.8
49.02,-34.7,-43.0,-49.2,-68.6,-107.4,-130.3
49.12,-34.3,-34.5,-49.0,-71.5,-117.3,-130.0
49.22,-30.8,-41.6,-50.5,-74.7,-124.1,-130.0
49.32,-36.1,-50.6,-70.5,-73.1,-125.1,-130.5
49.42,-29.6,-40.2,-52.6,-54.4,-107.9,-130.6
49.52,-28.1,-38.7,-54.5,-56.3,-97.7,-100.4
49.62,-28.0,-37.8,-54.2,-64.1,-102.1,-106.6
49.72,-27.4,-37.8,-69.1,-72.7,-117.4,-131.3
49.82,-35.7,-68.4,-60.3,-61.2,-106.4,-130.5
49.92,-32.4,-40.2,-54.6,-72.5,-125.5,-130.9
50.02,-31.3,-40.2,-53.2,-74.1,-128.7,-130.0
50.12,-31.7,-40.7,-55.3,-75.9,-126.2,-130.6
50.22,-31.7,-41.6,-53.6,-78.8,-128.7,-130.7
50.32,-30.9,-41.6,-49.7,-82.1,-129.4,-130.5
50.42,-42.6,-44.0,-68.8,-82.5,-129.5,-130.3
50.52,-26.3,-42.8,-54.2,-84.8,-129.0,-130.3
50.62,-47.9,-35.3,-42.0,-54.3,-90.1,-130.3
50.72,-31.5,-36.0,-51.9,-64.4,-106.0,-130.8
50.82,-29.0,-38.7,-68.9,-79.6,-118.7,-130.6
50.92,-40.5,-42.1,-51.2,-78.2,-124.3,-129.8
51.02,-31.2,-42.5,-51.5,-59.0,-98.0,-129.8
51.12,-37.9,-40.1,-51.4,-72.0,-115.1,-130.1
51.22,-35.7,-42.4,-62.3,-81.8,-126.0,-130.4
51.32,-36.0,-52.0,-64.0,-82.3,-128.1,-130.2
51.42,-39.7,-53.2,-58.5,-65.3,-116.1,-129.8
51.52,-44.4,-56.1,-64.4,-69.7,-128.2,-130.5
51.62,-54.7,-72.6,-72.2,-84.8,-129.4,-131.0
