frame,mae,psnr_db,edge_iou
0,0.99,42.10,0.492
1,1.46,32.53,0.412
2,1.74,30.42,0.447
3,2.06,28.88,0.414
4,2.38,27.69,0.410
5,2.74,26.53,0.357
6,3.14,25.50,0.307
7,3.58,24.47,0.270
8,4.05,23.56,0.225
9,4.57,22.77,0.202
10,5.10,22.03,0.185
11,5.66,21.40,0.161
12,6.23,20.84,0.149
13,6.83,20.32,0.137
14,7.39,19.88,0.128
15,7.98,19.45,0.122
16,8.50,19.10,0.117
17,9.04,18.75,0.118
18,9.55,18.46,0.114
19,9.92,18.26,0.115
20,10.22,18.11,0.115
21,10.38,18.03,0.118
22,10.48,17.99,0.119
23,10.53,17.97,0.122
24,10.60,17.96,0.122
25,10.66,17.93,0.123
26,10.77,17.89,0.127
27,10.88,17.84,0.128
28,11.01,17.79,0.129
29,11.13,17.73,0.130
30,11.31,17.68,0.133
31,11.49,17.58,0.132
32,11.69,17.47,0.133
33,11.87,17.38,0.131
34,12.06,17.30,0.132
35,12.24,17.20,0.130
36,12.45,17.11,0.133
37,12.62,17.03,0.129
38,12.77,16.96,0.129
39,12.93,16.90,0.132
40,13.04,16.84,0.133
41,13.20,16.77,0.134
42,13.38,16.70,0.135
43,13.91,16.45,0.129
44,14.47,16.21,0.117
45,15.09,15.95,0.109
46,15.79,15.70,0.107
47,16.44,15.52,0.113
48,17.20,15.42,0.135
49,23.63,14.45,0.101
50,23.65,13.59,0.092
51,36.05,11.88,0.070
52,47.16,11.13,0.105
53,18.66,15.68,0.102
54,17.01,15.92,0.167
55,17.16,15.81,0.167
56,24.29,15.31,0.154
57,21.18,15.93,0.139
58,22.09,15.88,0.131
59,26.40,15.44,0.131
60,22.55,16.86,0.127
61,17.74,17.71,0.147
62,17.73,17.74,0.148
63,17.63,17.79,0.148
64,16.56,18.20,0.140
65,15.66,18.33,0.161
66,15.66,18.31,0.165
67,15.81,18.22,0.166
68,15.87,18.27,0.161
69,15.89,18.11,0.167
70,16.21,17.94,0.175
71,17.25,17.62,0.161
72,20.60,17.27,0.131
73,19.35,16.66,0.150
74,19.26,16.45,0.160
75,21.20,15.78,0.155
76,23.33,15.55,0.144
77,20.76,15.53,0.152
78,19.55,15.68,0.154
79,19.23,15.73,0.152
80,18.34,15.90,0.153
81,17.65,16.05,0.163
82,15.54,16.29,0.157
83,15.50,16.27,0.153
84,15.63,16.22,0.154
85,15.63,16.25,0.154
86,15.93,16.13,0.145
87,15.52,16.31,0.141
88,14.87,16.57,0.141
89,13.58,17.13,0.145
90,12.22,17.90,0.162
91,10.12,19.22,0.181
92,8.53,20.50,0.252
93,6.26,22.52,0.243
94,4.59,24.00,0.229
95,12.42,18.13,0.136
96,18.34,14.45,0.088
97,15.68,15.85,0.105
98,14.01,16.52,0.142
99,11.95,17.50,0.148
100,10.88,18.03,0.220
101,11.51,17.54,0.186
102,10.79,17.79,0.207
103,10.58,17.25,0.230
104,9.32,17.87,0.243
105,8.38,18.36,0.272
106,7.66,18.78,0.263
107,7.21,19.03,0.276
108,6.84,19.23,0.298
109,6.71,19.20,0.290
110,6.34,19.44,0.314
111,5.77,19.85,0.335
112,4.84,21.19,0.397
113,4.27,21.97,0.490
114,3.34,23.61,0.542
115,2.83,24.78,0.572
116,3.03,24.25,0.510
117,2.66,25.32,0.578
118,2.32,26.81,0.649
119,2.24,27.20,0.679
120,2.23,27.31,0.665
121,2.16,27.73,0.690
122,2.24,27.22,0.656
123,2.21,27.47,0.672
124,2.27,27.17,0.651
125,2.31,26.93,0.637
126,2.24,27.37,0.654
127,2.28,27.04,0.646
128,2.23,27.34,0.667
129,2.17,27.69,0.671
130,2.15,27.78,0.669
131,2.11,28.09,0.679
132,2.21,27.35,0.671
133,2.12,27.83,0.676
134,2.10,28.03,0.695
135,2.20,27.34,0.682
136,2.42,30.97,0.569
137,2.23,31.11,0.592
138,2.07,31.46,0.587
139,1.95,31.72,0.576
140,1.84,32.29,0.585
141,1.74,32.62,0.650
142,1.68,33.05,0.647
143,1.63,33.26,0.654
144,1.61,33.29,0.632
145,1.56,33.43,0.650
146,1.57,33.35,0.637
147,1.51,34.09,0.605
148,1.49,34.76,0.741
149,1.57,33.38,0.665
150,1.57,34.09,0.681
151,1.83,31.36,0.548
152,1.58,34.95,0.584
153,1.54,35.68,0.508
154,1.04,43.93,1.000
155,4.05,33.70,1.000
156,35.56,13.34,0.000
157,66.32,8.75,0.014
158,87.93,7.14,0.008
159,24.68,14.05,0.058
160,11.72,16.75,0.103
161,8.29,18.29,0.084
162,7.19,18.87,0.104
163,6.31,19.50,0.131
164,5.92,19.89,0.157
165,5.57,20.25,0.172
166,5.11,20.79,0.178
167,4.68,21.35,0.194
168,4.63,21.41,0.186
169,4.55,21.47,0.188
170,4.36,21.78,0.187
171,4.17,22.09,0.218
172,4.18,22.10,0.224
173,4.15,22.09,0.214
174,4.16,22.07,0.219
175,4.16,22.04,0.226
176,3.99,22.38,0.226
177,3.80,22.73,0.245
178,3.64,23.07,0.261
179,3.48,23.43,0.279
180,3.37,23.72,0.314
181,3.25,24.02,0.335
182,3.11,24.30,0.351
183,3.01,24.56,0.362
184,2.88,24.90,0.373
185,2.80,25.17,0.384
186,2.70,25.39,0.386
187,2.67,25.46,0.393
188,2.63,25.52,0.410
189,2.63,25.51,0.407
190,2.59,25.57,0.405
191,2.55,25.65,0.401
192,2.51,25.74,0.399
193,2.48,25.84,0.394
194,2.40,26.08,0.391
195,2.35,26.19,0.386
196,2.31,26.21,0.364
197,2.22,26.55,0.362
198,2.10,26.87,0.357
199,1.99,27.20,0.370
200,1.89,27.53,0.362
201,1.52,30.13,0.496
202,1.31,32.97,0.566
203,1.35,30.85,0.000
204,1.40,33.41,0.276
205,1.38,33.72,0.304
206,1.29,34.88,0.417
207,1.29,33.75,0.384
208,1.29,33.65,0.384
209,1.28,34.12,0.394
210,1.18,37.17,0.452
211,1.16,36.16,0.438
212,1.12,36.74,0.425
213,1.21,36.37,0.428
214,1.21,36.24,0.476
215,1.23,36.28,0.522
216,1.21,36.00,0.592
217,1.19,36.55,0.667
218,1.15,37.64,0.743
219,1.20,36.04,0.714
220,1.31,33.22,0.631
221,1.38,32.01,0.640
222,1.42,31.64,0.642
223,1.58,30.00,0.529
224,1.73,30.13,0.386
225,1.87,29.53,0.380
226,1.79,30.54,0.364
227,1.97,30.14,0.363
228,2.33,28.77,0.303
229,2.84,27.55,0.332
230,3.37,26.36,0.359
231,3.72,25.79,0.378
232,3.93,25.49,0.411
233,4.09,25.30,0.433
234,4.26,24.85,0.442
235,4.54,24.26,0.456
236,4.75,23.82,0.469
237,4.82,23.63,0.468
238,4.84,23.51,0.463
239,4.95,23.26,0.482
240,5.01,23.18,0.490
241,5.03,22.96,0.503
242,4.86,23.19,0.541
243,4.82,23.15,0.550
244,4.76,23.28,0.569
245,4.63,23.45,0.614
246,4.45,23.69,0.657
247,4.37,23.80,0.651
248,4.25,23.98,0.682
249,4.07,24.25,0.702
250,3.90,24.41,0.716
251,3.80,24.68,0.718
252,3.69,24.91,0.759
253,3.60,24.99,0.784
254,3.51,25.15,0.775
255,3.37,25.54,0.821
256,3.31,25.74,0.815
257,3.28,25.85,0.824
258,3.21,26.03,0.801
259,3.12,26.22,0.814
260,3.05,26.35,0.837
261,2.98,26.44,0.831
262,2.97,26.42,0.858
263,2.98,26.39,0.837
264,2.91,26.75,0.861
265,2.93,26.53,0.849
266,2.86,26.83,0.876
267,2.90,26.72,0.877
268,2.83,26.83,0.876
269,2.81,26.89,0.878
270,2.92,26.52,0.840
271,2.81,26.82,0.863
272,2.79,26.88,0.862
273,2.75,27.04,0.882
274,2.77,26.85,0.844
275,2.80,26.83,0.847
276,2.76,27.00,0.856
277,2.76,27.01,0.859
278,2.73,27.11,0.838
279,2.78,26.81,0.859
280,2.75,26.93,0.844
281,2.74,26.97,0.854
282,2.68,27.21,0.828
283,2.66,27.29,0.846
284,2.70,27.27,0.840
285,2.62,27.44,0.880
286,2.72,26.97,0.830
287,2.70,27.06,0.830
288,2.75,26.99,0.810
289,2.77,27.01,0.817
290,2.76,27.09,0.848
291,2.71,27.24,0.842
292,2.66,27.40,0.854
293,2.65,27.45,0.865
294,2.61,27.58,0.857
295,2.60,27.59,0.869
296,2.58,27.66,0.841
297,2.59,27.62,0.842
298,2.53,27.77,0.877
299,2.55,27.72,0.856
300,2.53,27.82,0.879
301,2.53,27.81,0.856
302,2.49,27.91,0.892
303,2.49,27.88,0.889
304,2.53,27.82,0.884
305,2.53,27.79,0.868
306,2.53,27.72,0.872
307,2.54,27.69,0.883
308,2.56,27.67,0.885
309,2.57,27.57,0.872
310,2.61,27.44,0.873
311,2.59,27.56,0.870
312,2.58,27.56,0.842
313,2.56,27.61,0.861
314,2.64,27.25,0.867
315,2.63,27.29,0.876
316,2.63,27.27,0.877
317,2.68,27.17,0.859
318,2.70,27.09,0.855
319,2.72,26.99,0.843
320,2.86,26.51,0.839
321,2.84,26.58,0.831
322,2.79,26.69,0.824
323,2.78,26.75,0.847
324,2.79,26.73,0.822
325,2.74,26.87,0.863
326,2.74,26.87,0.848
327,2.71,26.94,0.856
328,2.70,27.03,0.868
329,2.67,27.11,0.855
330,2.66,27.16,0.844
331,2.64,27.22,0.831
332,2.62,27.25,0.831
333,2.63,27.29,0.831
334,2.62,27.31,0.816
335,2.62,27.36,0.855
336,2.59,27.50,0.825
337,2.55,27.62,0.862
338,2.53,27.76,0.841
339,2.49,27.88,0.862
340,2.48,27.92,0.869
341,2.57,27.63,0.840
342,2.56,27.73,0.859
343,2.63,27.48,0.841
344,2.79,26.99,0.822
345,2.91,26.64,0.806
346,4.14,23.87,0.733
347,4.92,22.28,0.635
348,5.02,22.06,0.584
349,4.97,22.05,0.597
350,4.77,22.24,0.631
351,5.16,22.11,0.556
352,5.20,22.46,0.473
353,5.04,22.94,0.358
354,4.59,23.84,0.347
355,4.00,25.09,0.278
356,3.32,27.07,0.202
357,3.76,25.68,0.145
358,3.86,25.11,0.115
359,3.62,25.01,0.099
360,3.50,24.77,0.086
361,3.35,24.61,0.082
362,3.25,24.53,0.076
363,3.04,24.72,0.084
364,2.92,24.76,0.083
365,2.78,25.66,0.115
366,3.62,24.01,0.054
367,4.21,23.49,0.015
368,4.59,23.31,0.008
369,5.92,21.10,0.033
370,5.57,22.06,0.080
371,4.17,22.59,0.101
372,2.68,27.09,0.427
373,2.59,26.56,0.554
374,3.49,23.42,0.355
375,3.08,24.72,0.408
376,2.74,26.79,0.480
377,2.66,28.13,0.505
378,2.66,29.75,0.539
379,2.58,30.33,0.619
380,2.27,34.28,0.747
381,2.38,32.35,0.730
382,2.57,30.75,0.679
383,2.62,30.51,0.696
384,2.57,31.31,0.726
385,2.71,30.28,0.699
386,2.95,29.16,0.643
387,3.06,28.53,0.648
388,2.78,29.88,0.723
389,2.91,29.08,0.596
390,2.90,28.92,0.637
391,2.73,29.37,0.656
392,2.59,29.90,0.740
393,2.55,29.69,0.758
394,2.48,29.71,0.707
395,2.31,30.28,0.759
396,2.18,30.79,0.778
397,2.15,30.78,0.763
398,2.12,31.12,0.849
399,2.14,30.68,0.765
400,2.12,30.74,0.761
401,2.10,30.87,0.851
402,2.10,30.89,0.857
403,2.11,30.81,0.858
404,2.13,30.70,0.800
405,2.14,30.64,0.809
406,2.14,30.74,0.831
407,2.16,30.63,0.827
408,2.18,30.54,0.818
409,2.16,30.58,0.819
410,2.17,30.52,0.770
411,2.13,30.70,0.868
412,2.11,30.80,0.866
413,2.09,30.86,0.773
414,2.06,31.09,0.775
415,2.05,31.25,0.797
416,2.07,31.14,0.792
417,2.08,31.05,0.870
418,2.06,31.25,0.762
419,2.04,31.36,0.877
420,2.13,30.69,0.831
421,2.12,30.76,0.811
422,2.00,31.48,0.797
423,2.02,31.57,0.834
424,1.97,32.35,0.887
425,2.17,31.65,0.660
426,1.52,35.46,0.887
427,1.44,35.31,0.868
428,1.40,35.65,0.885
429,1.40,35.57,0.864
430,1.40,35.85,0.872
431,1.38,35.75,0.876
432,1.39,35.55,0.861
433,1.40,35.34,0.917
434,1.41,35.15,0.846
435,1.41,35.10,0.871
436,1.42,35.00,0.849
437,1.40,35.00,0.843
438,1.42,34.81,0.824
439,1.41,34.95,0.808
440,1.41,35.12,0.679
441,1.44,34.75,0.675
442,1.44,34.52,0.672
443,1.46,34.12,0.779
444,1.50,33.57,0.765
445,1.51,33.26,0.764
446,1.51,33.24,0.751
447,1.50,33.25,0.768
448,1.50,33.25,0.747
449,1.51,33.25,0.744
450,1.53,33.17,0.730
451,1.53,33.11,0.727
452,1.54,33.05,0.722
453,1.55,32.85,0.715
454,1.58,32.55,0.695
455,1.57,32.70,0.692
456,1.57,32.67,0.702
457,1.57,32.76,0.706
458,1.58,32.75,0.681
459,1.56,32.85,0.693
460,1.56,32.87,0.692
461,1.56,32.88,0.702
462,1.56,32.85,0.694
463,1.54,32.97,0.703
464,1.54,32.96,0.702
465,1.54,32.90,0.704
466,1.54,32.98,0.692
467,1.51,33.21,0.674
468,1.50,33.38,0.677
469,1.50,33.52,0.674
470,1.53,33.30,0.672
471,1.49,33.62,0.685
472,1.48,33.80,0.688
473,1.48,34.02,0.703
474,1.48,34.19,0.687
475,1.46,34.50,0.696
476,1.45,34.72,0.697
477,1.42,35.09,0.715
478,1.40,35.52,0.757
479,1.38,35.71,0.752
480,1.39,35.74,0.764
481,1.36,36.08,0.793
482,1.36,36.18,0.829
483,1.35,35.96,0.837
484,1.35,35.92,0.836
485,1.34,36.03,0.853
486,1.35,36.00,0.825
487,1.33,36.18,0.816
488,1.33,36.24,0.814
489,1.32,36.33,0.732
490,1.33,36.35,0.837
491,1.30,36.50,0.845
492,1.30,36.59,0.903
493,1.30,36.56,0.899
494,1.32,36.36,0.886
495,1.30,36.58,0.795
496,1.30,36.70,0.785
497,1.29,36.83,0.870
498,1.31,36.73,0.874
499,1.30,36.66,0.880
500,1.36,35.40,0.846
501,1.36,35.53,0.824
502,1.34,35.93,0.744
503,1.35,35.17,0.854
504,1.35,34.96,0.847
505,1.35,34.93,0.853
506,1.35,34.81,0.857
507,1.34,34.80,0.861
508,1.34,34.80,0.872
509,1.31,35.09,0.888
510,1.30,35.66,0.899
511,1.28,35.76,0.896
512,1.30,35.60,0.881
513,1.32,35.47,0.872
514,1.33,35.51,0.837
515,1.31,35.79,0.885
516,1.30,35.93,0.895
517,1.29,36.06,0.777
518,1.30,36.05,0.881
519,1.28,36.09,0.814
520,1.29,35.96,0.772
521,1.29,35.88,0.711
522,1.30,35.87,0.710
523,1.28,35.90,0.809
524,1.30,35.76,0.715
525,1.30,35.70,0.879
526,1.32,35.47,0.764
527,1.32,35.38,0.742
528,1.39,35.10,0.847
529,1.49,34.06,0.825
530,1.50,34.07,0.733
531,1.46,34.38,0.879
532,1.43,34.55,0.889
533,1.40,34.79,0.894
534,1.35,35.30,0.902
535,1.32,35.56,0.905
536,1.33,35.81,0.917
537,1.35,35.62,0.892
538,1.40,35.20,0.905
539,1.40,35.11,0.881
540,1.29,36.23,0.918
541,1.42,34.43,0.903
542,1.41,34.31,0.874
543,1.49,33.15,0.758
544,1.65,31.05,0.751
545,1.97,28.22,0.494
546,7.74,21.81,0.164
547,4.29,26.34,0.376
548,3.36,29.24,0.452
549,3.19,29.42,0.460
550,2.95,29.95,0.446
551,3.00,29.73,0.414
552,3.09,29.50,0.387
553,3.05,29.82,0.351
554,2.97,29.65,0.382
555,3.18,29.22,0.352
556,3.28,28.58,0.409
557,3.43,28.14,0.384
558,3.43,28.16,0.340
559,3.51,27.80,0.343
560,3.61,27.42,0.361
561,3.72,27.10,0.349
562,3.82,26.65,0.323
563,3.89,26.75,0.361
564,3.98,26.46,0.332
565,4.02,26.28,0.380
566,3.94,26.29,0.319
567,4.15,25.84,0.361
568,4.15,25.89,0.359
569,4.30,25.51,0.310
570,4.18,25.46,0.359
571,4.26,25.39,0.287
572,4.36,25.14,0.291
573,4.25,25.41,0.284
574,4.41,24.95,0.312
575,4.39,25.06,0.325
576,4.38,25.01,0.283
577,4.48,24.76,0.264
578,4.53,24.55,0.291
579,4.42,24.86,0.304
580,4.37,24.96,0.271
581,4.41,25.00,0.266
582,4.47,24.83,0.280
583,4.42,25.03,0.303
584,4.40,24.94,0.271
585,4.51,24.95,0.306
586,4.52,24.85,0.315
587,4.50,25.00,0.276
588,4.47,24.97,0.291
589,4.37,25.20,0.279
590,4.32,25.24,0.379
591,4.31,25.31,0.329
592,4.32,25.30,0.299
593,4.32,25.31,0.305
594,4.30,25.29,0.330
595,4.35,25.24,0.325
596,4.34,25.32,0.323
597,4.33,25.33,0.335
598,4.35,25.11,0.308
599,4.34,25.13,0.331
600,4.31,25.18,0.413
601,4.27,25.25,0.346
602,4.25,25.35,0.377
603,4.33,25.29,0.381
604,4.26,25.38,0.326
605,4.19,25.50,0.330
606,4.24,25.75,0.375
607,4.31,25.73,0.376
608,4.32,25.76,0.363
609,4.12,26.09,0.366
610,4.06,26.34,0.376
611,3.99,26.47,0.401
612,3.97,26.58,0.375
613,3.90,26.72,0.341
614,3.89,26.83,0.364
615,3.82,26.99,0.335
616,3.79,27.12,0.341
617,3.71,27.21,0.341
618,3.69,27.34,0.416
619,3.62,27.50,0.419
620,3.57,27.63,0.434
621,3.51,27.79,0.368
622,3.46,27.97,0.404
623,3.40,28.16,0.419
624,3.35,28.40,0.407
625,3.28,28.59,0.416
626,3.24,28.82,0.416
627,3.19,29.04,0.422
628,3.15,29.32,0.396
629,3.09,29.52,0.389
630,3.05,29.76,0.386
631,3.00,30.02,0.414
632,2.96,30.26,0.405
633,2.91,30.39,0.407
634,2.91,30.49,0.416
635,2.90,30.62,0.438
636,2.91,30.71,0.421
637,2.87,30.83,0.402
638,2.89,30.94,0.449
639,2.87,31.16,0.502
640,2.87,31.31,0.496
641,2.86,31.32,0.514
642,2.90,31.24,0.512
643,2.91,31.21,0.510
644,2.95,31.17,0.503
645,2.93,31.19,0.514
646,2.97,31.18,0.459
647,2.96,31.24,0.500
648,2.96,31.29,0.446
649,2.93,31.40,0.501
650,2.93,31.45,0.483
651,2.94,31.49,0.493
652,2.92,31.56,0.511
653,2.94,31.55,0.472
654,2.93,31.55,0.433
655,2.94,31.55,0.429
656,2.93,31.58,0.423
657,2.95,31.59,0.427
658,2.94,31.64,0.422
659,2.94,31.67,0.423
660,2.90,31.75,0.422
661,2.90,31.75,0.427
662,2.91,31.73,0.388
663,2.90,31.76,0.428
664,2.92,31.69,0.392
665,2.91,31.73,0.428
666,2.37,30.89,0.550
667,2.53,29.88,0.618
668,2.81,29.20,0.565
669,3.08,28.40,0.513
670,3.46,27.52,0.529
671,3.78,26.82,0.602
672,4.42,25.16,0.408
673,4.29,25.28,0.377
674,4.39,24.96,0.534
675,4.56,24.64,0.506
676,4.92,23.90,0.374
677,5.03,23.73,0.351
678,5.30,23.28,0.347
679,5.56,22.92,0.259
680,5.89,22.56,0.198
681,6.23,22.34,0.198
682,6.64,22.00,0.203
683,6.82,22.06,0.203
684,6.63,22.68,0.166
685,6.33,23.54,0.132
686,6.31,23.73,0.150
687,6.79,22.78,0.139
688,7.22,21.93,0.156
689,7.59,21.31,0.151
690,7.79,20.96,0.170
691,7.86,20.72,0.143
692,8.23,20.31,0.140
693,8.20,20.23,0.165
694,7.52,20.68,0.193
695,5.99,22.03,0.252
696,3.71,25.51,0.363
697,3.40,26.02,0.394
698,3.28,26.08,0.394
699,3.72,24.98,0.395
700,4.51,23.37,0.348
701,3.98,24.44,0.380
702,3.55,25.18,0.414
703,3.32,25.59,0.422
704,3.95,25.00,0.402
705,4.16,24.11,0.397
706,4.43,23.50,0.382
707,4.70,23.18,0.319
708,4.95,22.82,0.329
709,4.83,22.86,0.281
710,4.63,23.17,0.332
711,4.38,23.77,0.353
712,3.94,24.48,0.442
713,4.23,24.12,0.336
714,4.28,24.00,0.343
715,4.10,24.24,0.381
716,3.67,24.94,0.405
717,4.59,23.48,0.374
718,4.94,22.97,0.336
719,4.67,23.43,0.359
720,4.18,24.60,0.402
721,8.94,19.89,0.145
722,9.81,19.48,0.083
723,9.74,19.66,0.068
724,10.13,19.79,0.052
725,10.31,19.90,0.056
726,10.50,19.70,0.197
727,8.08,21.42,0.423
728,6.22,22.57,0.492
729,7.22,21.52,0.336
730,5.61,22.33,0.452
731,5.96,21.93,0.367
732,6.30,21.51,0.297
733,9.15,19.57,0.148
734,11.11,18.48,0.126
735,12.40,17.86,0.140
736,12.90,17.78,0.131
737,12.97,17.68,0.090
738,13.35,17.70,0.101
739,13.25,17.67,0.107
740,13.26,17.74,0.078
741,13.17,17.75,0.095
742,13.28,17.68,0.104
743,13.26,17.77,0.095
744,13.20,17.73,0.105
745,13.38,17.75,0.114
746,13.24,17.73,0.122
747,13.03,17.77,0.128
748,12.75,17.85,0.137
749,12.23,17.99,0.122
750,11.50,18.34,0.121
751,11.01,18.55,0.121
752,10.43,18.84,0.118
753,9.87,19.12,0.142
754,9.39,19.32,0.190
755,8.83,19.67,0.231
756,8.20,20.06,0.314
757,7.61,20.36,0.369
758,6.80,20.89,0.425
759,6.16,21.58,0.514
760,5.86,21.93,0.549
761,6.16,22.00,0.483
762,6.68,21.37,0.460
763,7.09,20.78,0.438
764,7.45,20.52,0.364
765,7.72,20.40,0.404
766,7.94,20.15,0.318
767,7.93,20.12,0.360
768,7.84,20.32,0.408
769,7.52,20.50,0.354
770,7.08,21.23,0.421
771,6.90,21.64,0.421
772,7.34,21.20,0.339
773,7.88,21.03,0.283
774,8.76,20.70,0.198
775,10.94,19.13,0.139
776,11.75,18.85,0.156
777,12.42,18.34,0.130
778,12.50,18.26,0.122
779,12.51,18.61,0.112
780,12.88,18.31,0.107
781,12.93,18.29,0.114
782,12.97,18.27,0.098
783,13.02,18.26,0.114
784,13.05,18.23,0.113
785,13.15,18.19,0.118
786,13.18,18.15,0.119
787,13.22,18.14,0.117
788,13.22,18.13,0.118
789,13.25,18.14,0.120
790,13.24,18.14,0.119
791,13.29,18.13,0.122
792,13.34,18.08,0.107
793,13.39,18.03,0.120
794,13.42,17.98,0.121
795,13.49,17.94,0.120
796,13.55,17.89,0.119
797,13.59,17.85,0.120
798,13.60,17.82,0.121
799,13.65,17.79,0.120
800,13.63,17.80,0.120
801,13.61,17.81,0.117
802,13.57,17.83,0.117
803,13.58,17.83,0.117
804,13.56,17.84,0.117
805,13.55,17.86,0.117
806,13.50,17.88,0.104
807,13.49,17.89,0.104
808,13.51,17.87,0.106
809,13.44,17.95,0.116
810,13.24,18.07,0.115
811,13.10,18.23,0.115
812,12.91,18.41,0.104
813,12.72,18.56,0.121
814,12.51,18.70,0.124
815,12.60,18.65,0.130
816,12.69,18.56,0.125
817,12.77,18.45,0.129
818,12.88,18.33,0.126
819,13.01,18.26,0.127
820,12.99,18.25,0.119
821,13.00,18.24,0.135
822,12.86,18.30,0.137
823,12.81,18.31,0.140
824,12.82,18.29,0.128
825,12.81,18.30,0.127
826,12.77,18.38,0.107
827,12.62,18.61,0.110
828,12.68,18.60,0.111
829,12.77,18.58,0.118
830,12.79,18.57,0.122
831,12.98,18.48,0.113
832,12.91,18.66,0.118
833,12.55,18.92,0.105
834,12.20,18.72,0.118
835,12.39,18.39,0.122
836,6.07,21.52,0.052
837,7.02,20.86,0.049
838,6.86,21.41,0.060
839,7.28,20.74,0.070
840,11.49,17.81,0.037
841,11.55,17.58,0.032
842,11.70,17.25,0.049
843,11.82,17.14,0.044
844,10.71,17.91,0.050
845,10.88,17.76,0.051
846,8.34,19.19,0.057
847,8.42,19.02,0.060
848,11.30,17.38,0.066
849,11.28,17.40,0.064
850,11.11,17.54,0.070
851,11.13,17.54,0.069
852,10.80,17.81,0.066
853,10.80,17.81,0.066
854,7.10,20.31,0.054
855,7.11,20.30,0.056
856,6.95,20.51,0.058
857,6.93,20.55,0.059
858,8.73,19.13,0.056
859,8.74,19.12,0.056
860,8.76,19.02,0.058
861,8.73,19.03,0.057
862,7.35,20.05,0.071
863,7.34,20.07,0.072
864,7.36,20.16,0.045
865,7.36,20.09,0.051
866,8.14,19.56,0.062
867,8.08,19.48,0.075
868,6.87,20.61,0.101
869,6.66,20.68,0.102
870,10.22,18.10,0.073
871,9.71,18.32,0.072
872,9.17,18.53,0.072
873,8.99,18.55,0.044
874,7.57,27.08,0.038
875,7.60,26.76,0.076
876,7.41,26.94,0.078
877,7.26,27.18,0.102
878,7.13,27.39,0.113
879,7.03,27.63,0.137
880,6.91,27.87,0.134
881,6.83,28.04,0.136
882,6.78,28.17,0.152
883,6.77,28.25,0.154
884,6.80,28.20,0.131
885,6.79,28.20,0.132
886,6.65,28.56,0.056
887,6.78,28.19,0.087
888,6.90,27.79,0.104
889,6.96,27.66,0.091
890,7.03,27.47,0.073
891,7.13,27.19,0.097
892,7.20,26.99,0.067
893,7.20,26.97,0.082
894,7.20,26.99,0.064
895,7.21,27.00,0.074
896,7.19,27.04,0.079
897,7.18,27.08,0.083
898,7.17,27.11,0.103
899,7.15,27.17,0.105
900,7.11,27.21,0.077
901,7.08,27.26,0.076
902,7.06,27.38,0.079
903,7.00,27.52,0.106
904,6.97,27.63,0.100
905,6.96,27.73,0.118
906,6.97,27.77,0.115
907,6.95,27.83,0.115
908,6.94,27.88,0.125
909,6.93,27.93,0.114
910,6.92,27.94,0.112
911,6.94,27.88,0.111
912,6.94,27.82,0.108
913,6.97,27.72,0.100
914,7.00,27.62,0.100
915,7.04,27.51,0.109
916,7.06,27.46,0.102
917,7.07,27.42,0.095
918,7.08,27.39,0.091
919,7.09,27.37,0.090
920,7.09,27.37,0.092
921,7.09,27.35,0.099
922,7.10,27.34,0.093
923,7.11,27.32,0.091
924,7.11,27.32,0.093
925,7.11,27.30,0.102
926,7.12,27.29,0.097
927,7.13,27.26,0.101
928,7.12,27.27,0.104
929,7.13,27.25,0.112
930,7.13,27.24,0.109
931,7.14,27.22,0.104
932,7.14,27.23,0.100
933,7.15,27.20,0.097
934,7.15,27.19,0.104
935,7.16,27.18,0.102
936,7.16,27.19,0.108
937,7.16,27.22,0.095
938,7.16,27.35,0.075
939,7.26,27.37,0.020
940,0.91,42.07,0.806
941,0.92,41.80,0.792
942,0.91,41.95,0.833
943,0.91,41.82,0.860
944,0.91,41.77,0.899
945,0.91,41.85,0.879
946,0.92,41.65,0.894
947,0.92,40.59,0.865
948,0.92,40.16,0.798
949,0.93,40.07,0.811
950,0.93,38.93,0.803
951,0.93,39.48,0.804
952,0.92,39.66,0.787
953,0.96,38.21,0.739
954,0.97,36.87,0.701
955,0.96,37.38,0.696
956,0.95,38.33,0.767
957,1.10,33.14,0.458
958,1.19,31.53,0.613
959,1.22,31.07,0.670
960,1.23,30.96,0.694
961,1.20,31.46,0.734
962,1.15,32.51,0.741
963,1.10,34.21,0.801
964,1.01,36.83,0.874
965,1.04,35.78,0.856
966,1.13,33.79,0.777
967,1.24,31.39,0.729
968,1.39,29.30,0.667
969,1.42,29.13,0.645
970,1.51,28.20,0.608
971,1.57,27.78,0.584
972,1.64,27.21,0.555
973,1.63,27.29,0.566
974,1.64,27.26,0.567
975,1.65,27.17,0.570
976,1.07,36.18,0.541
977,1.09,36.55,0.469
978,1.15,35.18,0.626
979,1.31,33.46,0.675
980,1.34,33.37,0.681
981,1.39,32.88,0.642
982,1.41,32.75,0.620
983,1.46,32.03,0.661
984,1.40,32.56,0.722
985,1.45,31.85,0.686
986,1.62,30.27,0.714
987,1.70,28.92,0.733
988,1.85,27.51,0.739
989,1.64,29.59,0.712
990,1.63,30.37,0.690
991,1.86,29.49,0.608
992,1.86,27.00,0.743
993,1.80,27.40,0.763
994,1.74,27.55,0.766
995,1.77,27.59,0.665
996,1.66,28.53,0.796
997,1.61,29.04,0.800
998,1.49,30.65,0.825
999,1.43,32.01,0.819
1000,1.34,33.44,0.814
1001,1.35,33.15,0.811
1002,1.36,32.93,0.813
1003,1.33,33.51,0.818
1004,1.34,33.45,0.830
1005,1.35,33.13,0.831
1006,1.35,33.15,0.822
1007,1.46,31.06,0.831
1008,1.35,33.20,0.825
1009,1.36,33.00,0.805
1010,1.73,29.87,0.523
1011,1.71,29.91,0.524
1012,1.76,29.85,0.578
1013,1.65,30.54,0.680
1014,1.50,32.52,0.736
1015,1.57,32.12,0.656
1016,1.90,28.74,0.605
1017,1.95,28.40,0.609
1018,1.85,28.83,0.663
1019,1.71,30.19,0.722
1020,1.57,31.29,0.793
1021,1.46,32.18,0.811
1022,1.44,32.33,0.810
1023,1.40,32.97,0.819
1024,1.43,32.95,0.816
1025,1.41,33.66,0.812
1026,1.42,33.63,0.839
1027,1.43,33.46,0.848
1028,1.43,33.40,0.843
1029,1.43,33.45,0.841
1030,1.42,33.57,0.845
1031,1.55,31.57,0.745
1032,1.48,32.97,0.851
1033,1.48,33.07,0.854
1034,1.47,33.19,0.858
1035,1.46,33.31,0.861
1036,1.46,33.38,0.856
1037,1.45,33.43,0.855
1038,1.45,33.45,0.854
1039,1.44,33.53,0.856
1040,1.44,33.52,0.853
1041,1.61,30.67,0.850
1042,1.61,30.70,0.848
1043,1.61,30.74,0.858
1044,1.48,33.21,0.855
1045,1.49,33.15,0.855
1046,1.48,33.24,0.849
1047,1.45,33.53,0.854
1048,1.47,33.45,0.864
1049,1.47,33.50,0.845
1050,1.48,33.34,0.839
1051,1.48,33.26,0.829
1052,1.49,33.12,0.802
1053,1.51,33.00,0.773
1054,1.50,32.98,0.762
1055,1.48,33.07,0.810
1056,1.47,33.00,0.822
1057,1.48,32.96,0.824
1058,1.43,33.54,0.857
1059,1.44,33.45,0.857
1060,1.45,33.35,0.857
1061,1.46,33.25,0.857
1062,1.46,33.15,0.856
1063,1.46,33.06,0.857
1064,1.47,32.96,0.855
1065,1.47,32.88,0.855
1066,1.48,32.81,0.854
1067,1.49,32.76,0.852
1068,1.49,32.69,0.851
1069,1.49,32.65,0.852
1070,1.50,32.58,0.850
1071,1.51,32.53,0.853
1072,1.07,40.63,0.844
1073,1.06,40.61,0.839
1074,1.07,40.47,0.838
1075,1.06,40.80,0.847
1076,1.06,40.84,0.842
1077,1.06,40.71,0.848
1078,1.07,40.57,0.841
1079,1.06,41.07,0.863
1080,1.06,41.02,0.857
1081,1.05,40.91,0.850
1082,1.10,39.45,0.863
1083,1.09,40.04,0.866
1084,1.10,39.65,0.860
1085,1.08,40.35,0.869
1086,1.10,39.90,0.871
1087,1.09,40.53,0.873
1088,1.10,40.25,0.874
1089,1.10,40.27,0.873
1090,1.09,40.62,0.886
1091,1.08,40.69,0.876
1092,1.09,40.63,0.883
1093,1.09,40.53,0.888
1094,1.12,38.66,0.892
1095,1.13,38.68,0.896
1096,1.13,38.18,0.886
1097,1.13,38.36,0.884
1098,1.13,38.43,0.888
1099,1.13,38.65,0.887
1100,1.14,37.86,0.877
1101,1.13,38.03,0.891
1102,1.13,38.16,0.895
1103,1.14,38.02,0.908
1104,1.15,37.02,0.893
1105,1.15,37.10,0.900
1106,1.65,30.55,0.755
1107,1.41,32.54,0.889
1108,1.49,31.24,0.868
1109,1.48,31.31,0.871
1110,1.50,31.32,0.869
1111,1.48,31.46,0.879
1112,1.56,30.09,0.864
1113,1.56,30.07,0.869
1114,1.56,30.05,0.865
1115,1.56,30.06,0.864
1116,1.56,30.06,0.865
1117,1.56,30.04,0.861
1118,1.55,30.03,0.859
1119,1.55,30.03,0.860
1120,1.55,30.07,0.859
1121,1.65,29.85,0.856
1122,1.87,29.11,0.792
1123,2.06,28.17,0.740
1124,2.68,27.52,0.692
1125,2.55,27.33,0.632
1126,2.94,25.59,0.605
1127,4.12,22.98,0.493
1128,4.85,22.00,0.477
1129,4.05,23.33,0.462
1130,3.60,23.80,0.530
1131,3.25,24.64,0.539
1132,4.44,23.29,0.580
1133,4.11,23.95,0.580
1134,4.20,23.04,0.543
1135,3.46,23.98,0.437
1136,4.28,23.28,0.473
1137,4.50,23.05,0.551
1138,3.95,23.57,0.661
1139,2.57,27.61,0.590
1140,3.33,25.57,0.570
1141,4.13,23.38,0.520
1142,4.81,21.92,0.460
1143,3.68,23.63,0.429
1144,3.97,23.32,0.409
1145,4.47,22.90,0.497
1146,3.85,24.43,0.599
1147,3.71,23.91,0.538
1148,4.31,22.67,0.468
1149,4.73,22.66,0.558
1150,3.23,26.08,0.622
1151,3.55,24.52,0.549
1152,4.57,22.16,0.477
1153,4.49,22.77,0.531
1154,4.28,23.22,0.533
1155,3.23,25.86,0.574
1156,3.52,24.60,0.605
1157,3.73,24.34,0.611
1158,4.21,23.34,0.577
1159,3.91,24.13,0.476
1160,3.63,24.20,0.511
1161,3.48,24.20,0.503
1162,4.83,22.34,0.486
1163,4.53,22.90,0.465
1164,4.10,23.44,0.543
1165,3.25,24.82,0.536
1166,4.50,23.03,0.514
1167,4.80,22.43,0.456
1168,4.71,22.54,0.454
1169,3.69,23.89,0.390
1170,4.20,23.12,0.362
1171,4.86,21.88,0.388
1172,4.71,21.85,0.440
1173,3.75,23.15,0.433
1174,3.82,23.30,0.456
1175,4.15,22.91,0.488
1176,4.13,23.62,0.500
1177,4.07,22.87,0.488
1178,3.66,23.55,0.531
1179,3.57,23.17,0.547
1180,3.15,23.37,0.525
1181,3.20,23.17,0.516
1182,3.65,22.67,0.445
1183,3.71,22.43,0.431
1184,3.61,22.70,0.475
1185,3.37,23.18,0.457
1186,3.68,22.46,0.377
1187,4.06,21.78,0.305
1188,4.17,21.65,0.298
1189,4.30,21.50,0.312
1190,4.16,21.72,0.356
1191,4.25,21.56,0.335
1192,4.41,21.23,0.303
1193,4.60,21.00,0.283
1194,4.90,20.59,0.242
1195,4.83,20.75,0.253
1196,4.59,21.36,0.305
1197,4.45,21.74,0.325
1198,4.28,22.12,0.372
1199,4.38,22.04,0.351
1200,4.28,23.43,0.387
1201,5.02,21.61,0.322
1202,5.15,21.33,0.307
1203,5.18,21.17,0.301
1204,4.75,21.89,0.329
1205,3.91,23.31,0.301
1206,3.03,25.67,0.251
1207,2.48,27.70,0.168
1208,2.27,28.27,0.088
1209,2.15,28.95,0.099
1210,2.10,29.11,0.098
1211,2.10,29.01,0.114
1212,1.96,29.53,0.090
1213,1.68,31.23,0.139
1214,1.38,33.76,0.159
1215,1.40,32.33,0.080
1216,1.32,33.92,0.113
1217,1.38,32.59,0.121
1218,1.23,34.83,0.168
1219,1.36,32.97,0.114
1220,1.36,33.29,0.130
1221,1.36,33.00,0.103
1222,1.21,35.41,0.184
1223,1.31,33.91,0.183
1224,1.33,33.90,0.159
1225,1.36,32.80,0.098
1226,1.27,34.41,0.166
1227,1.28,34.72,0.191
1228,1.26,35.15,0.160
1229,1.33,33.34,0.149
1230,1.28,34.45,0.174
1231,1.34,33.42,0.155
1232,1.22,35.40,0.128
1233,1.24,34.90,0.151
1234,1.29,34.63,0.129
1235,1.29,33.96,0.123
1236,1.16,37.23,0.153
1237,1.18,36.49,0.172
1238,1.25,35.32,0.149
1239,1.22,36.13,0.186
1240,1.20,36.53,0.144
1241,1.26,34.29,0.105
1242,1.24,35.63,0.192
1243,1.29,34.93,0.198
1244,1.23,35.62,0.140
1245,1.35,32.99,0.095
1246,1.30,34.44,0.159
1247,1.37,33.24,0.146
1248,1.22,35.92,0.142
1249,1.34,33.57,0.111
1250,1.35,33.46,0.149
1251,1.38,32.66,0.109
1252,1.21,36.10,0.151
1253,1.32,34.02,0.153
1254,1.35,33.54,0.130
1255,1.40,32.46,0.105
1256,1.31,33.59,0.163
1257,1.32,34.18,0.202
1258,1.32,34.35,0.163
1259,1.40,32.37,0.115
1260,1.37,33.23,0.159
1261,1.38,33.07,0.156
1262,1.29,34.63,0.165
1263,1.34,33.34,0.130
1264,1.37,33.50,0.099
1265,1.39,32.68,0.124
1266,1.25,35.29,0.138
1267,1.25,35.23,0.163
1268,1.32,34.51,0.138
1269,1.36,33.50,0.129
1270,1.24,35.56,0.163
1271,1.35,32.86,0.094
1272,1.32,34.52,0.160
1273,1.27,35.85,0.224
1274,1.26,35.61,0.188
1275,1.37,32.69,0.100
1276,1.34,34.13,0.165
1277,1.33,34.54,0.167
1278,1.27,34.90,0.121
1279,1.30,34.42,0.111
1280,1.33,34.34,0.150
1281,1.38,33.13,0.110
1282,1.23,35.87,0.102
1283,1.25,35.37,0.141
1284,1.33,33.86,0.137
1285,1.34,33.29,0.103
1286,1.24,35.46,0.128
1287,1.27,35.05,0.160
1288,1.33,34.17,0.165
1289,1.37,33.03,0.146
1290,1.33,33.54,0.126
1291,1.37,33.14,0.126
1292,1.29,34.76,0.140
1293,1.29,34.40,0.162
1294,1.32,34.01,0.123
1295,1.38,32.90,0.108
1296,1.22,36.53,0.126
1297,1.23,35.74,0.168
1298,1.28,34.97,0.161
1299,1.34,33.92,0.122
1300,1.20,36.51,0.166
1301,1.29,33.82,0.108
1302,1.31,34.36,0.149
1303,1.28,35.06,0.193
1304,1.24,35.92,0.106
1305,1.34,32.68,0.068
1306,1.33,34.03,0.125
1307,1.28,35.40,0.170
1308,1.26,35.12,0.119
1309,1.38,32.66,0.090
1310,1.41,32.90,0.117
1311,1.47,32.32,0.084
1312,1.32,34.35,0.090
1313,1.41,32.96,0.100
1314,1.54,31.95,0.102
1315,1.61,30.93,0.088
1316,1.49,32.48,0.101
1317,1.48,32.71,0.109
1318,1.59,31.38,0.090
1319,1.69,30.31,0.087
1320,1.73,29.86,0.092
1321,1.56,31.42,0.122
1322,1.49,32.26,0.143
1323,1.54,31.47,0.129
1324,1.73,29.80,0.126
1325,1.62,30.69,0.141
1326,1.37,33.68,0.188
1327,1.40,33.27,0.193
1328,1.61,30.85,0.175
1329,1.55,31.83,0.227
1330,1.34,34.10,0.210
1331,1.40,32.63,0.225
1332,1.49,32.15,0.204
1333,1.50,32.12,0.223
1334,1.36,33.47,0.217
1335,1.55,30.43,0.197
1336,1.56,31.46,0.199
1337,1.47,32.70,0.275
1338,1.39,33.05,0.222
1339,1.63,30.06,0.199
1340,1.62,31.04,0.197
1341,1.69,30.75,0.208
1342,1.44,32.58,0.231
1343,1.54,31.65,0.203
1344,1.67,30.66,0.222
1345,1.73,30.32,0.182
1346,1.57,31.43,0.244
1347,1.59,31.47,0.231
1348,1.62,31.35,0.213
1349,1.73,30.08,0.200
1350,1.80,29.63,0.213
1351,1.54,31.83,0.247
1352,1.64,31.21,0.219
1353,1.61,31.48,0.217
1354,1.76,29.98,0.205
1355,1.76,29.97,0.233
1356,1.57,32.35,0.254
1357,1.56,32.64,0.177
1358,2.02,29.24,0.072
1359,2.01,30.25,0.048
1360,2.06,30.01,0.025
1361,2.12,30.00,0.103
1362,2.78,27.03,0.135
1363,2.87,27.03,0.106
1364,2.85,26.64,0.132
1365,2.42,28.02,0.153
1366,2.95,26.88,0.367
1367,3.08,26.73,0.319
1368,3.35,25.03,0.324
1369,3.11,25.63,0.324
1370,2.98,27.01,0.302
1371,3.14,26.75,0.289
1372,3.57,24.57,0.238
1373,3.48,25.31,0.263
1374,3.30,26.25,0.236
1375,3.31,26.27,0.252
1376,3.85,24.73,0.204
1377,3.72,24.97,0.203
1378,3.43,25.90,0.177
1379,3.27,26.37,0.175
1380,3.84,24.82,0.171
1381,3.81,24.76,0.180
1382,3.59,24.94,0.193
1383,3.36,26.09,0.201
1384,3.65,25.19,0.195
1385,3.86,24.42,0.189
1386,3.77,24.92,0.208
1387,3.48,25.80,0.214
1388,3.37,25.90,0.235
1389,4.05,24.59,0.204
1390,3.99,24.75,0.207
1391,3.73,25.07,0.192
1392,3.44,25.95,0.240
1393,4.04,24.86,0.213
1394,4.10,24.39,0.204
1395,3.78,24.53,0.184
1396,3.47,26.02,0.203
1397,3.87,25.23,0.194
1398,4.04,24.08,0.175
1399,3.77,24.51,0.196
1400,3.53,25.88,0.220
1401,3.58,25.73,0.204
1402,3.89,24.42,0.179
1403,3.71,24.84,0.201
1404,3.45,25.98,0.195
1405,3.39,26.25,0.198
1406,3.68,25.09,0.180
1407,3.42,25.55,0.191
1408,3.05,26.80,0.194
1409,2.90,27.18,0.197
1410,3.03,26.43,0.208
1411,2.80,26.81,0.226
1412,2.44,28.38,0.238
1413,2.35,28.58,0.266
1414,2.24,28.87,0.261
1415,2.23,28.57,0.247
1416,2.11,29.48,0.284
1417,2.03,29.60,0.265
1418,1.97,29.86,0.301
1419,1.93,30.39,0.314
1420,1.90,30.55,0.316
1421,1.82,30.54,0.311
1422,1.80,30.63,0.311
1423,1.82,30.73,0.294
1424,1.76,31.00,0.305
1425,1.63,31.53,0.325
1426,1.62,32.09,0.313
1427,1.70,31.41,0.326
1428,1.72,30.71,0.313
1429,1.57,32.02,0.332
1430,1.52,33.09,0.386
1431,1.63,31.67,0.344
1432,1.65,30.98,0.319
1433,1.51,32.97,0.374
1434,1.53,32.81,0.403
1435,1.60,32.14,0.395
1436,1.62,31.51,0.378
1437,1.46,33.68,0.416
1438,1.56,32.00,0.409
1439,1.53,32.92,0.430
1440,1.55,32.36,0.381
1441,1.49,33.11,0.443
1442,1.56,31.91,0.398
1443,1.50,33.01,0.433
1444,1.53,32.47,0.413
1445,1.46,33.34,0.442
1446,1.52,32.58,0.415
1447,1.48,32.98,0.428
1448,1.53,32.26,0.389
1449,1.49,33.29,0.444
1450,1.53,32.71,0.421
1451,1.47,33.22,0.447
1452,1.57,31.92,0.390
1453,1.57,32.32,0.389
1454,1.53,32.98,0.403
1455,1.44,33.65,0.427
1456,1.56,32.24,0.389
1457,1.61,31.88,0.350
1458,1.56,32.33,0.384
1459,1.44,33.71,0.391
1460,1.50,33.11,0.383
1461,1.61,31.90,0.350
1462,1.60,31.37,0.346
1463,1.52,32.73,0.390
1464,1.47,33.40,0.380
1465,1.59,31.96,0.322
1466,1.62,31.48,0.317
1467,1.54,32.26,0.378
1468,1.54,32.29,0.341
1469,1.57,32.25,0.324
1470,1.59,31.86,0.301
1471,1.56,31.89,0.321
1472,1.56,32.07,0.306
1473,1.55,32.49,0.306
1474,1.56,32.11,0.299
1475,1.57,31.65,0.334
1476,1.53,32.59,0.327
1477,1.53,32.44,0.331
1478,1.52,32.37,0.345
1479,1.55,32.29,0.326
1480,1.53,32.53,0.339
1481,1.54,32.04,0.318
1482,1.54,32.21,0.364
1483,1.59,32.08,0.354
1484,1.58,32.20,0.340
1485,1.57,31.45,0.342
1486,1.57,31.95,0.344
1487,1.62,31.65,0.358
1488,1.62,31.27,0.339
1489,1.57,31.33,0.348
1490,1.53,32.34,0.357
1491,1.59,31.85,0.328
1492,1.58,31.44,0.413
1493,1.53,31.90,0.387
1494,1.44,33.53,0.388
1495,1.55,32.19,0.353
1496,1.55,31.81,0.363
1497,1.56,31.70,0.361
1498,1.40,34.05,0.475
1499,1.55,32.26,0.378
1500,1.58,31.72,0.346
1501,1.54,31.63,0.393
1502,1.44,33.39,0.359
1503,1.54,32.37,0.343
1504,1.56,31.79,0.335
1505,1.63,30.81,0.313
1506,1.57,32.21,0.255
1507,1.66,31.39,0.219
1508,1.72,30.89,0.176
1509,1.95,29.77,0.115
1510,31.25,17.36,0.000
1511,6.93,24.57,0.060
1512,6.26,25.48,0.077
1513,7.29,23.92,0.073
1514,7.41,24.19,0.118
1515,6.75,24.88,0.177
1516,5.90,25.99,0.269
1517,5.08,26.68,0.269
1518,4.22,25.78,0.063
1519,3.68,25.12,0.116
1520,2.86,26.85,0.315
1521,3.13,25.62,0.348
1522,3.36,24.65,0.324
1523,3.53,24.27,0.320
1524,3.28,24.78,0.306
1525,3.41,24.78,0.308
1526,3.51,24.58,0.309
1527,3.65,24.11,0.274
1528,3.69,23.74,0.261
1529,4.20,22.51,0.226
1530,4.14,22.43,0.249
1531,4.10,22.35,0.278
1532,3.88,22.83,0.311
1533,3.94,22.92,0.314
1534,3.95,22.96,0.311
1535,4.08,22.67,0.316
1536,4.16,22.66,0.338
1537,4.14,22.64,0.334
1538,4.08,22.70,0.338
1539,4.29,22.47,0.357
1540,4.28,22.61,0.372
1541,4.32,22.70,0.397
1542,4.11,23.17,0.439
1543,3.92,23.54,0.470
1544,3.92,23.43,0.463
1545,3.84,23.72,0.446
1546,3.85,23.85,0.428
1547,4.00,23.72,0.430
1548,3.97,23.74,0.405
1549,4.17,23.40,0.417
1550,4.08,23.52,0.390
1551,4.14,23.49,0.402
1552,4.10,23.48,0.412
1553,4.23,23.22,0.401
1554,4.28,23.13,0.371
1555,4.27,23.21,0.387
1556,4.35,23.10,0.383
1557,4.29,23.06,0.406
1558,4.18,23.15,0.431
1559,4.01,23.54,0.430
1560,3.98,23.64,0.431
1561,4.02,23.45,0.428
1562,4.00,23.38,0.404
1563,3.88,23.64,0.409
1564,3.94,23.57,0.446
1565,4.10,23.13,0.451
1566,4.29,22.90,0.418
1567,4.28,22.90,0.390
1568,4.50,22.71,0.334
1569,4.65,22.56,0.316
1570,4.76,22.54,0.295
1571,4.58,22.79,0.302
1572,4.56,22.92,0.279
1573,4.56,22.78,0.275
1574,4.44,23.00,0.276
1575,4.26,23.23,0.291
1576,4.12,23.31,0.302
1577,3.76,23.55,0.301
1578,3.30,23.90,0.349
1579,3.05,24.16,0.425
1580,2.86,24.44,0.481
1581,2.82,24.61,0.519
1582,2.58,25.44,0.565
1583,2.69,25.61,0.493
1584,2.89,24.99,0.429
1585,2.49,26.45,0.513
1586,2.56,26.45,0.555
1587,2.28,27.42,0.586
1588,2.35,27.17,0.585
1589,2.24,28.04,0.587
1590,2.51,26.86,0.511
1591,2.63,25.92,0.418
1592,2.90,25.50,0.289
1593,3.24,25.15,0.229
1594,3.52,25.03,0.194
1595,3.78,24.62,0.213
1596,3.83,25.28,0.270
1597,3.98,25.35,0.338
1598,3.92,25.41,0.349
1599,3.85,25.13,0.303
1600,3.71,25.12,0.213
1601,3.35,25.82,0.175
1602,3.10,26.45,0.182
1603,3.17,26.28,0.182
1604,3.15,26.31,0.195
1605,3.15,26.08,0.198
1606,3.05,26.43,0.208
1607,3.06,26.44,0.192
1608,3.07,26.31,0.197
1609,3.09,26.25,0.198
1610,3.00,26.54,0.204
1611,3.01,26.56,0.195
1612,3.11,26.10,0.193
1613,3.08,26.32,0.196
1614,3.05,26.37,0.191
1615,3.03,26.45,0.199
1616,3.17,26.00,0.174
1617,3.08,26.29,0.192
1618,3.10,26.14,0.183
1619,3.09,26.21,0.189
1620,3.19,25.88,0.175
1621,3.12,26.06,0.178
1622,3.15,25.88,0.164
1623,3.13,26.15,0.163
1624,3.17,26.03,0.158
1625,3.25,25.69,0.155
1626,3.33,25.52,0.158
1627,3.36,25.65,0.166
1628,3.41,25.63,0.163
1629,3.57,25.09,0.151
1630,3.63,25.01,0.146
1631,3.52,25.38,0.156
1632,3.60,25.25,0.154
1633,3.71,24.84,0.143
1634,3.78,24.81,0.142
1635,3.60,25.17,0.147
1636,3.67,24.96,0.145
1637,3.79,24.62,0.139
1638,3.88,24.62,0.135
1639,3.73,25.01,0.141
1640,3.77,24.86,0.138
1641,3.84,24.55,0.134
1642,3.94,24.57,0.137
1643,3.87,24.86,0.135
1644,3.82,24.74,0.135
1645,3.88,24.63,0.136
1646,3.94,24.69,0.131
1647,3.95,24.71,0.136
1648,3.85,24.60,0.134
1649,3.81,24.88,0.139
1650,3.71,25.08,0.148
1651,3.88,24.78,0.155
1652,6.57,21.76,0.135
1653,10.16,19.38,0.105
1654,14.59,17.18,0.104
1655,18.62,15.44,0.119
1656,21.38,14.85,0.112
1657,22.32,14.65,0.083
1658,22.87,14.70,0.062
1659,21.66,15.17,0.098
1660,20.98,15.60,0.126
1661,19.84,16.12,0.135
1662,20.84,15.86,0.145
1663,20.91,15.73,0.128
1664,22.15,15.32,0.137
1665,22.68,15.13,0.131
1666,24.33,14.70,0.138
1667,23.82,14.83,0.112
1668,24.22,14.73,0.118
1669,23.60,14.88,0.100
1670,24.47,14.70,0.121
1671,22.91,15.03,0.110
1672,23.89,14.82,0.107
1673,23.89,14.79,0.092
1674,19.77,16.28,0.111
1675,22.31,15.04,0.115
1676,27.08,13.93,0.116
1677,26.06,14.06,0.095
1678,26.14,14.08,0.112
1679,25.13,14.31,0.117
1680,24.21,14.74,0.135
1681,22.86,15.14,0.152
1682,22.53,15.33,0.161
1683,21.50,15.65,0.142
1684,21.56,15.71,0.150
1685,20.51,16.03,0.150
1686,21.52,15.68,0.172
1687,21.72,15.50,0.145
1688,22.70,15.23,0.160
1689,23.11,15.14,0.154
1690,24.76,14.76,0.120
1691,24.10,14.95,0.119
1692,24.53,14.83,0.113
1693,24.04,14.90,0.141
1694,24.65,14.76,0.125
1695,22.97,15.21,0.113
1696,23.51,15.12,0.126
1697,23.31,15.09,0.122
1698,19.42,16.54,0.139
1699,21.94,15.18,0.124
1700,27.12,13.93,0.100
1701,26.33,13.99,0.081
1702,26.40,14.01,0.086
1703,25.41,14.21,0.110
1704,25.34,14.34,0.118
1705,23.44,14.91,0.099
1706,22.87,15.17,0.118
1707,21.78,15.48,0.096
1708,21.77,15.54,0.142
1709,20.64,15.88,0.121
1710,21.44,15.68,0.114
1711,21.41,15.61,0.133
1712,22.80,15.21,0.159
1713,23.26,15.04,0.140
1714,24.84,14.63,0.132
1715,24.25,14.79,0.116
1716,24.63,14.74,0.132
1717,0.00,84.03,1.000
1718,0.00,84.03,1.000
1719,0.00,84.03,1.000
1720,0.00,84.03,1.000
1721,0.00,84.03,1.000
1722,0.00,84.03,1.000
1723,0.00,84.03,1.000
1724,0.00,84.03,1.000
1725,0.00,84.03,1.000
1726,0.00,84.03,1.000
1727,0.00,84.03,1.000
1728,0.00,84.03,1.000
1729,0.00,84.03,1.000
1730,0.00,84.03,1.000
1731,0.00,84.03,1.000
1732,0.00,84.03,1.000
1733,0.00,84.03,1.000
1734,0.00,84.03,1.000
1735,0.00,84.03,1.000
1736,0.00,84.03,1.000
1737,0.00,85.34,1.000
1738,0.00,85.34,1.000
1739,0.00,85.34,1.000
1740,0.00,85.34,1.000
1741,0.00,85.34,1.000
1742,0.00,85.34,1.000
1743,0.00,85.34,1.000
1744,0.00,85.34,1.000
1745,0.00,85.34,1.000
1746,0.00,86.70,1.000
1747,0.00,86.70,1.000
1748,4.60,32.63,1.000
1749,4.99,31.19,0.000
1750,5.17,29.94,0.000
1751,5.31,28.48,0.106
1752,5.64,26.22,0.185
1753,5.64,25.80,0.243
1754,5.40,26.13,0.267
1755,4.93,27.36,0.344
1756,4.29,30.24,0.579
1757,4.26,29.52,0.433
1758,4.19,29.25,0.498
1759,4.01,29.24,0.421
1760,3.78,29.50,0.453
1761,3.62,29.17,0.486
1762,3.47,29.28,0.517
1763,3.29,29.40,0.513
1764,3.09,29.60,0.495
1765,2.97,29.43,0.445
1766,2.94,28.35,0.493
1767,2.79,28.38,0.523
1768,2.66,28.29,0.512
1769,2.49,28.44,0.530
1770,2.36,28.69,0.551
1771,2.29,28.43,0.551
1772,2.16,28.83,0.544
1773,2.10,28.44,0.547
1774,2.06,28.09,0.543
1775,1.94,28.33,0.537
1776,1.80,29.18,0.548
1777,1.67,30.17,0.531
1778,1.57,31.33,0.541
1779,1.46,32.75,0.540
1780,1.37,34.16,0.553
1781,1.32,35.13,0.555
1782,1.32,35.04,0.572
1783,1.34,33.94,0.574
1784,1.42,32.51,0.557
1785,1.46,31.57,0.556
1786,1.50,31.21,0.548
1787,1.52,31.20,0.536
1788,1.51,30.93,0.549
1789,1.49,31.03,0.566
1790,1.49,30.83,0.570
1791,1.50,30.76,0.578
1792,1.48,30.79,0.577
1793,1.50,30.75,0.574
1794,1.50,30.77,0.569
1795,1.51,30.64,0.567
1796,1.48,30.85,0.561
1797,1.50,30.85,0.562
1798,1.47,31.25,0.562
1799,1.51,31.34,0.549
1800,1.47,31.83,0.814
1801,1.70,30.07,0.561
1802,1.75,29.87,0.564
1803,1.59,31.52,0.691
1804,1.51,31.89,0.746
1805,1.80,29.49,0.544
1806,1.84,29.01,0.509
1807,2.11,29.30,0.306
1808,2.55,29.35,0.263
1809,3.12,27.37,0.202
1810,4.06,24.15,0.173
1811,4.28,23.41,0.148
1812,4.34,22.77,0.213
1813,4.58,22.02,0.175
1814,4.66,21.64,0.183
1815,4.35,21.95,0.267
1816,4.21,21.85,0.292
1817,4.41,21.57,0.292
1818,4.70,21.30,0.221
1819,5.07,20.93,0.220
1820,5.44,20.40,0.223
1821,5.70,20.04,0.216
1822,5.96,19.72,0.213
1823,6.13,19.51,0.213
1824,6.25,19.38,0.214
1825,6.34,19.28,0.234
1826,6.50,19.12,0.250
1827,6.51,19.07,0.257
1828,6.52,19.07,0.277
1829,6.58,19.02,0.283
1830,6.55,19.05,0.258
1831,6.62,18.99,0.260
1832,6.70,18.90,0.296
1833,6.77,18.81,0.298
1834,6.85,18.77,0.251
1835,6.97,18.69,0.229
1836,7.10,18.66,0.212
1837,7.26,18.57,0.216
1838,7.45,18.46,0.220
1839,7.49,18.41,0.229
1840,7.58,18.33,0.264
1841,7.56,18.35,0.240
1842,7.66,18.27,0.255
1843,7.87,18.20,0.223
1844,8.11,18.10,0.223
1845,8.20,18.06,0.231
1846,8.28,17.98,0.236
1847,8.32,17.91,0.245
1848,8.36,17.87,0.246
1849,8.30,17.92,0.299
1850,8.24,17.95,0.281
1851,8.24,17.94,0.296
1852,8.10,18.01,0.354
1853,7.89,18.17,0.330
1854,7.88,18.15,0.343
1855,7.76,18.22,0.352
1856,7.65,18.31,0.369
1857,7.65,18.30,0.380
1858,7.54,18.39,0.453
1859,7.45,18.44,0.409
1860,7.36,18.50,0.438
1861,7.37,18.48,0.438
1862,7.44,18.42,0.448
1863,7.34,18.49,0.456
1864,7.23,18.60,0.462
1865,7.05,18.77,0.468
1866,6.77,19.05,0.481
1867,6.43,19.45,0.477
1868,6.09,19.90,0.475
1869,5.59,20.58,0.471
1870,5.11,21.24,0.493
1871,4.75,21.62,0.504
1872,4.33,22.21,0.523
1873,4.05,22.63,0.518
1874,3.84,23.02,0.561
1875,3.75,23.24,0.525
1876,3.63,23.52,0.525
1877,3.58,23.64,0.541
1878,3.45,24.01,0.530
1879,3.39,24.18,0.533
1880,3.30,24.31,0.533
1881,3.37,24.28,0.531
1882,3.42,24.09,0.532
1883,3.46,23.96,0.531
1884,3.36,24.15,0.572
1885,4.02,22.63,0.509
1886,4.52,21.80,0.573
1887,4.43,21.99,0.538
1888,3.42,24.45,0.617
1889,5.80,20.49,0.531
1890,9.35,19.49,0.056
1891,9.35,19.48,0.059
1892,3.17,28.68,0.050
1893,3.17,28.57,0.061
1894,3.23,28.20,0.081
1895,3.27,27.95,0.092
1896,3.33,27.45,0.095
1897,3.36,27.29,0.099
1898,3.41,26.97,0.091
1899,3.51,26.52,0.099
1900,3.54,26.30,0.091
1901,3.59,26.22,0.096
1902,3.63,26.07,0.097
1903,3.70,25.73,0.100
1904,3.69,25.76,0.098
1905,3.77,25.52,0.108
1906,3.83,25.33,0.098
1907,3.90,25.23,0.097
1908,3.99,25.08,0.094
1909,4.07,24.85,0.097
1910,4.12,24.54,0.089
1911,4.20,24.36,0.084
1912,4.29,24.19,0.086
1913,4.39,23.99,0.082
1914,4.50,23.79,0.074
1915,4.55,23.69,0.074
1916,4.69,23.31,0.068
1917,4.69,23.42,0.071
1918,4.66,23.27,0.086
1919,4.67,23.22,0.133
1920,4.64,23.37,0.156
1921,4.50,23.54,0.174
1922,4.45,23.59,0.205
1923,4.33,23.89,0.233
1924,4.22,24.04,0.259
1925,4.16,24.13,0.245
1926,4.08,24.38,0.232
1927,3.96,24.52,0.239
1928,3.94,24.55,0.211
1929,3.86,24.82,0.199
1930,3.83,24.73,0.214
1931,3.73,24.88,0.222
1932,3.56,25.58,0.254
1933,3.36,26.20,0.285
1934,3.25,26.56,0.355
1935,3.06,27.33,0.378
1936,3.00,27.61,0.378
1937,3.00,27.52,0.422
1938,3.05,27.36,0.446
1939,3.31,25.87,0.419
1940,3.39,25.41,0.406
1941,3.42,25.46,0.371
1942,3.40,25.63,0.381
1943,3.38,25.79,0.318
1944,3.39,25.80,0.282
1945,3.40,25.82,0.272
1946,3.13,27.40,0.341
1947,2.98,28.40,0.421
1948,3.19,27.81,0.443
1949,3.11,28.15,0.349
1950,2.96,29.12,0.347
1951,2.93,28.60,0.342
1952,2.41,30.60,0.499
1953,2.38,29.98,0.398
1954,2.23,30.78,0.474
1955,2.44,29.40,0.433
1956,2.28,30.40,0.456
1957,2.12,31.19,0.477
1958,2.11,31.06,0.515
1959,2.15,30.37,0.454
1960,2.18,30.13,0.437
1961,2.18,30.16,0.433
1962,2.20,30.13,0.433
1963,2.18,30.17,0.430
1964,2.19,30.17,0.425
1965,2.21,30.13,0.415
1966,2.26,30.05,0.394
1967,2.35,29.60,0.360
1968,2.45,29.18,0.297
1969,2.52,28.86,0.279
1970,2.59,28.27,0.282
1971,2.57,28.30,0.281
1972,2.59,28.23,0.280
1973,2.60,28.17,0.282
1974,2.64,28.07,0.276
1975,2.64,27.97,0.275
1976,2.68,27.82,0.262
1977,2.68,27.82,0.260
1978,2.69,27.85,0.248
1979,2.67,27.93,0.249
1980,2.66,27.93,0.249
1981,2.66,27.93,0.248
1982,2.70,27.84,0.237
1983,2.70,27.78,0.231
1984,2.71,27.73,0.225
1985,2.70,27.71,0.231
1986,2.95,27.60,0.216
1987,2.89,27.92,0.205
1988,2.86,28.13,0.192
1989,2.87,28.09,0.187
1990,2.91,28.05,0.183
1991,2.95,28.02,0.179
1992,2.93,28.22,0.179
1993,2.98,28.18,0.180
1994,3.04,28.13,0.185
1995,3.21,27.83,0.177
1996,3.44,26.63,0.137
1997,3.66,26.49,0.120
1998,3.87,26.33,0.098
1999,4.07,26.11,0.092
2000,4.18,26.02,0.026
2001,4.31,25.84,0.053
2002,4.40,25.98,0.035
2003,4.76,25.84,0.013
2004,5.03,25.63,0.032
2005,5.11,25.60,0.039
2006,5.40,25.39,0.031
2007,5.65,25.06,0.021
2008,6.01,24.27,0.013
2009,6.63,23.29,0.018
2010,7.14,22.59,0.041
2011,7.65,21.98,0.056
2012,8.28,21.26,0.066
2013,8.87,20.79,0.060
2014,9.00,20.60,0.083
2015,8.68,20.60,0.115
2016,9.01,20.15,0.149
2017,9.26,19.86,0.151
2018,9.59,19.61,0.126
2019,10.20,19.30,0.081
2020,10.29,19.20,0.038
2021,10.18,18.90,0.030
2022,10.03,19.00,0.053
2023,9.78,19.19,0.155
2024,8.57,20.09,0.331
2025,6.17,22.21,0.562
2026,5.57,22.78,0.626
2027,6.76,21.43,0.530
2028,8.00,20.26,0.437
2029,9.01,19.47,0.345
2030,9.53,19.09,0.273
2031,9.74,18.97,0.223
2032,9.84,18.89,0.183
2033,9.85,18.86,0.155
2034,9.90,18.83,0.135
2035,9.83,18.85,0.120
2036,9.85,18.83,0.110
2037,9.78,18.85,0.106
2038,9.82,18.84,0.096
2039,9.78,18.86,0.098
2040,9.84,18.81,0.096
2041,9.81,18.82,0.096
2042,9.81,18.82,0.097
2043,9.83,18.80,0.100
2044,9.81,18.79,0.103
2045,9.77,18.81,0.108
2046,9.80,18.78,0.116
2047,9.69,18.82,0.123
2048,9.66,18.84,0.136
2049,9.53,18.90,0.155
2050,9.46,18.94,0.173
2051,9.31,19.03,0.203
2052,9.13,19.15,0.231
2053,8.90,19.31,0.265
2054,8.52,19.58,0.313
2055,8.08,19.90,0.354
2056,7.42,20.43,0.406
2057,6.75,21.04,0.464
2058,6.09,21.75,0.521
2059,5.33,22.68,0.587
2060,4.71,23.44,0.655
2061,4.80,23.31,0.649
2062,5.03,23.01,0.616
2063,5.17,22.84,0.585
2064,5.40,22.54,0.559
2065,5.63,22.30,0.535
2066,5.90,22.05,0.506
2067,6.17,21.79,0.481
2068,6.43,21.54,0.453
2069,6.67,21.31,0.431
2070,6.99,21.04,0.410
2071,7.13,20.89,0.389
2072,7.33,20.72,0.371
2073,7.52,20.55,0.356
2074,7.70,20.42,0.338
2075,7.77,20.34,0.322
2076,7.91,20.23,0.306
2077,8.02,20.15,0.297
2078,8.17,20.04,0.283
2079,8.21,20.00,0.272
2080,8.31,19.93,0.260
2081,8.35,19.90,0.249
2082,8.48,19.80,0.244
2083,8.50,19.80,0.236
2084,8.52,19.77,0.231
2085,8.58,19.74,0.221
2086,8.58,19.71,0.220
2087,8.57,19.74,0.223
2088,8.55,19.74,0.222
2089,8.56,19.72,0.225
2090,8.53,19.74,0.231
2091,8.48,19.80,0.236
2092,8.50,19.77,0.252
2093,8.40,19.87,0.270
2094,8.31,19.92,0.299
2095,8.05,20.15,0.342
2096,7.66,20.44,0.412
2097,6.80,21.24,0.519
2098,5.59,22.71,0.647
2099,7.20,21.48,0.453
2100,7.72,21.03,0.328
2101,7.75,20.97,0.285
2102,7.49,21.18,0.311
2103,7.49,21.27,0.336
2104,7.97,20.84,0.349
2105,7.97,20.68,0.372
2106,7.58,20.89,0.405
2107,7.39,21.03,0.454
2108,7.06,21.35,0.517
2109,6.74,21.62,0.568
2110,6.67,21.64,0.608
2111,6.98,21.25,0.625
2112,7.01,21.08,0.622
2113,7.15,21.02,0.576
2114,7.42,20.84,0.537
2115,7.76,20.56,0.498
2116,7.90,20.42,0.466
2117,8.03,20.29,0.450
2118,8.13,20.18,0.430
2119,8.31,20.05,0.417
2120,8.39,19.99,0.401
2121,8.42,19.97,0.397
2122,8.49,19.89,0.389
2123,8.48,19.89,0.384
2124,8.54,19.86,0.379
2125,8.54,19.87,0.385
2126,8.57,19.83,0.376
2127,8.54,19.84,0.378
2128,8.52,19.83,0.385
2129,8.54,19.78,0.375
2130,8.52,19.79,0.374
2131,8.48,19.84,0.383
2132,8.48,19.85,0.379
2133,8.42,19.88,0.371
2134,8.44,19.88,0.385
2135,8.40,19.88,0.385
2136,8.40,19.85,0.380
2137,8.35,19.87,0.380
2138,8.37,19.84,0.395
2139,8.29,19.93,0.402
2140,8.29,19.97,0.398
2141,8.18,20.09,0.402
2142,8.11,20.13,0.411
2143,8.05,20.18,0.427
2144,7.95,20.25,0.438
2145,7.90,20.27,0.448
2146,7.82,20.32,0.464
2147,7.78,20.34,0.468
2148,7.70,20.41,0.489
2149,7.61,20.47,0.503
2150,7.51,20.52,0.510
2151,7.40,20.63,0.541
2152,7.21,20.75,0.557
2153,7.03,20.88,0.584
2154,6.77,21.14,0.622
2155,6.56,21.42,0.640
2156,6.42,21.63,0.637
2157,6.35,21.78,0.635
2158,6.36,21.78,0.631
2159,6.40,21.73,0.636
2160,5.01,31.24,0.201
2161,5.02,31.51,0.237
2162,5.04,31.51,0.262
2163,5.06,31.09,0.247
2164,5.09,30.94,0.243
2165,5.11,30.77,0.262
2166,5.13,30.58,0.266
2167,5.18,30.26,0.230
2168,5.22,30.04,0.248
2169,5.26,29.81,0.249
2170,5.25,29.92,0.234
2171,5.27,29.83,0.254
2172,5.26,29.93,0.276
2173,5.27,29.93,0.272
2174,5.28,29.79,0.254
2175,5.28,29.81,0.261
2176,5.29,29.78,0.245
2177,5.28,29.81,0.243
2178,5.27,29.93,0.292
2179,5.25,30.05,0.259
2180,5.25,29.96,0.281
2181,5.24,30.11,0.295
2182,5.22,30.18,0.335
2183,5.21,30.33,0.356
2184,5.21,30.36,0.356
2185,5.19,30.44,0.353
2186,5.16,30.78,0.356
2187,5.12,31.22,0.352
2188,5.08,31.59,0.307
2189,5.05,31.79,0.361
2190,5.09,31.68,0.353
2191,5.09,31.69,0.355
2192,5.10,31.69,0.343
2193,5.09,31.72,0.349
2194,5.09,31.72,0.341
2195,5.09,31.72,0.346
2196,5.10,31.70,0.345
2197,5.12,31.59,0.340
2198,5.14,31.40,0.348
2199,5.17,31.15,0.343
2200,5.20,30.84,0.336
2201,5.21,30.70,0.337
2202,5.18,31.02,0.331
2203,5.28,30.02,0.346
2204,5.29,29.96,0.326
2205,5.27,30.05,0.333
2206,5.26,30.14,0.336
2207,5.26,30.18,0.296
2208,5.18,30.97,0.271
2209,5.21,30.65,0.270
2210,5.25,30.33,0.245
2211,5.26,30.24,0.232
2212,5.25,30.31,0.251
2213,5.21,30.73,0.232
2214,5.12,31.59,0.235
2215,5.11,31.60,0.221
2216,5.09,31.82,0.210
2217,5.09,31.78,0.211
2218,9.92,21.53,0.192
2219,15.92,15.64,0.161
2220,9.49,19.79,0.193
2221,10.28,19.20,0.189
2222,10.29,19.31,0.183
2223,9.49,20.16,0.164
2224,8.35,21.51,0.147
2225,6.94,23.68,0.179
2226,6.67,24.30,0.159
2227,6.37,24.87,0.186
2228,6.01,25.84,0.220
2229,5.81,26.38,0.262
2230,5.58,27.42,0.295
2231,5.35,28.61,0.349
2232,5.35,28.41,0.372
2233,5.58,27.42,0.380
2234,5.88,26.24,0.349
2235,6.07,25.74,0.351
2236,6.15,25.57,0.343
2237,6.15,25.58,0.354
2238,6.15,25.57,0.340
2239,6.21,25.38,0.366
2240,6.12,25.69,0.379
2241,5.99,26.07,0.381
2242,5.98,26.08,0.395
2243,5.64,27.45,0.423
2244,5.42,28.40,0.429
2245,5.55,27.88,0.429
2246,5.68,27.42,0.421
2247,5.76,27.17,0.438
2248,5.88,26.79,0.420
2249,5.89,26.74,0.428
2250,5.96,26.58,0.418
2251,5.97,26.56,0.424
2252,5.98,26.55,0.435
2253,5.95,26.67,0.437
2254,5.91,26.83,0.439
2255,5.82,27.18,0.453
2256,5.77,27.39,0.458
2257,6.16,26.03,0.451
2258,6.42,25.30,0.429
2259,6.44,25.28,0.425
2260,6.58,24.89,0.424
2261,6.72,24.50,0.422
2262,6.70,24.62,0.420
2263,6.70,24.59,0.426
2264,6.67,24.74,0.423
2265,6.70,24.61,0.436
2266,6.58,24.98,0.433
2267,6.40,25.45,0.457
2268,5.68,28.01,0.477
2269,6.35,25.78,0.440
2270,6.48,25.40,0.437
2271,6.50,25.36,0.420
2272,6.40,25.70,0.422
2273,6.25,26.37,0.438
2274,5.27,30.10,0.443
2275,6.73,25.60,0.316
2276,7.88,23.59,0.263
2277,8.51,22.83,0.219
2278,10.30,21.30,0.176
2279,12.13,18.77,0.189
2280,9.05,22.00,0.233
2281,9.21,21.74,0.250
2282,8.37,22.47,0.274
2283,6.82,24.87,0.326
2284,5.61,27.11,0.388
2285,5.60,27.41,0.397
2286,5.53,27.92,0.390
2287,5.26,29.04,0.410
2288,4.92,30.53,0.420
2289,5.04,30.01,0.453
2290,5.24,29.00,0.443
2291,5.29,28.80,0.438
2292,5.15,29.35,0.431
2293,5.53,27.40,0.426
2294,5.62,26.99,0.412
2295,5.56,27.21,0.420
2296,5.33,28.21,0.428
2297,5.55,27.16,0.432
2298,5.62,26.91,0.432
2299,5.58,27.03,0.442
2300,5.49,27.36,0.461
2301,5.31,28.31,0.473
2302,5.09,29.69,0.472
2303,5.28,28.69,0.457
2304,5.63,27.03,0.414
2305,5.82,26.35,0.384
2306,6.01,25.91,0.343
2307,6.10,25.57,0.319
2308,6.13,25.57,0.315
2309,6.14,25.52,0.317
2310,6.13,25.68,0.328
2311,6.55,24.57,0.274
2312,6.82,24.04,0.242
2313,7.00,23.67,0.231
2314,7.09,23.56,0.214
2315,7.12,23.49,0.238
2316,7.04,23.61,0.224
2317,6.85,24.00,0.261
2318,6.41,25.04,0.278
2319,5.86,26.54,0.369
2320,5.57,27.65,0.400
2321,6.20,25.99,0.307
2322,7.08,24.05,0.217
2323,7.67,23.18,0.184
2324,8.36,22.19,0.172
2325,8.53,22.14,0.168
2326,8.58,22.20,0.166
2327,8.44,22.44,0.204
2328,8.21,22.77,0.216
2329,7.78,23.37,0.221
2330,9.25,20.85,0.230
2331,8.99,21.04,0.254
2332,8.95,20.99,0.292
2333,8.64,21.80,0.316
2334,8.61,22.41,0.331
2335,8.62,22.77,0.329
2336,10.51,20.06,0.284
2337,10.90,19.57,0.274
2338,11.85,18.70,0.219
2339,11.44,18.80,0.263
2340,11.26,18.83,0.297
2341,11.12,19.23,0.277
2342,11.41,19.21,0.298
2343,11.26,19.46,0.293
2344,11.18,19.50,0.292
2345,10.48,19.86,0.300
2346,10.30,19.71,0.287
2347,10.56,19.68,0.259
2348,11.94,18.67,0.244
2349,12.53,18.31,0.244
2350,13.14,17.90,0.244
2351,13.84,17.45,0.251
2352,14.87,16.83,0.224
2353,15.50,16.77,0.210
2354,15.88,16.79,0.192
2355,16.11,16.80,0.187
2356,16.10,16.80,0.183
2357,15.75,16.83,0.176
2358,15.32,16.73,0.172
2359,15.49,16.66,0.169
2360,15.81,16.50,0.167
2361,16.05,16.38,0.171
2362,16.21,16.29,0.172
2363,16.34,16.20,0.175
2364,16.34,16.19,0.179
2365,16.09,16.28,0.182
2366,15.73,16.41,0.189
2367,15.29,16.59,0.200
2368,14.83,16.78,0.211
2369,14.33,17.00,0.225
2370,13.82,17.25,0.242
2371,13.25,17.54,0.251
2372,12.63,17.87,0.258
2373,12.03,18.24,0.269
2374,11.40,18.64,0.281
2375,10.80,19.13,0.305
2376,10.15,19.71,0.321
2377,9.43,20.44,0.351
2378,8.56,21.47,0.393
2379,7.44,23.20,0.459
2380,6.57,24.75,0.522
2381,8.01,22.10,0.393
2382,10.52,19.40,0.262
2383,14.05,17.21,0.169
2384,18.51,15.41,0.157
2385,6.17,24.92,0.150
2386,5.61,26.83,0.150
2387,5.31,28.46,0.193
2388,5.19,29.35,0.210
2389,5.13,29.67,0.227
2390,5.15,29.45,0.222
2391,5.22,28.77,0.211
2392,5.29,28.32,0.193
2393,5.35,28.01,0.187
2394,5.39,27.75,0.184
2395,5.44,27.46,0.171
2396,5.48,27.32,0.170
2397,5.60,26.93,0.163
2398,5.64,26.84,0.158
2399,5.66,26.73,0.154
2400,5.67,26.68,0.154
2401,5.70,26.61,0.155
2402,5.75,26.39,0.151
2403,5.75,26.38,0.147
2404,5.76,26.35,0.147
2405,5.76,26.38,0.150
2406,5.76,26.41,0.149
2407,5.75,26.40,0.151
2408,5.79,26.23,0.143
2409,5.78,26.26,0.145
2410,5.77,26.34,0.150
2411,5.74,26.44,0.151
2412,5.72,26.50,0.154
2413,5.70,26.55,0.156
2414,5.74,26.44,0.149
2415,5.71,26.54,0.152
2416,5.68,26.65,0.157
2417,5.64,26.77,0.164
2418,5.61,26.94,0.166
2419,5.64,26.89,0.163
2420,5.58,27.16,0.176
2421,5.51,27.44,0.185
2422,5.43,27.80,0.197
2423,5.35,28.21,0.207
2424,5.28,28.74,0.219
2425,5.23,29.05,0.230
2426,5.17,29.40,0.235
2427,5.21,29.18,0.231
2428,5.38,28.07,0.206
2429,5.71,26.53,0.169
2430,6.17,24.94,0.143
2431,6.58,23.86,0.144
2432,6.85,23.30,0.110
2433,7.06,22.97,0.103
2434,7.82,21.93,0.078
2435,7.76,22.87,0.343
2436,9.03,21.32,0.218
2437,9.09,21.30,0.181
2438,9.04,21.37,0.197
2439,9.12,21.17,0.264
2440,8.74,21.32,0.328
2441,7.63,22.62,0.408
2442,6.72,23.93,0.487
2443,6.80,23.79,0.458
2444,7.01,23.54,0.449
2445,7.18,23.30,0.432
2446,7.39,23.00,0.407
2447,7.61,22.75,0.392
2448,8.00,22.27,0.369
2449,8.28,21.90,0.352
2450,8.38,21.82,0.348
2451,8.46,21.74,0.341
2452,8.64,21.58,0.330
2453,8.69,21.59,0.317
2454,8.83,21.43,0.311
2455,8.89,21.39,0.309
2456,8.88,21.41,0.304
2457,8.89,21.39,0.298
2458,8.86,21.45,0.291
2459,8.83,21.46,0.279
2460,8.79,21.50,0.270
2461,8.74,21.57,0.270
2462,8.66,21.62,0.273
2463,8.72,21.52,0.272
2464,8.62,21.66,0.311
2465,7.70,22.87,0.368
2466,6.64,24.76,0.428
2467,6.37,25.45,0.439
2468,6.06,26.38,0.463
2469,5.72,27.40,0.469
2470,5.41,28.49,0.505
2471,5.69,27.63,0.485
2472,5.92,26.69,0.466
2473,6.02,26.30,0.439
2474,5.98,26.62,0.436
2475,5.54,28.37,0.452
2476,5.57,28.23,0.428
2477,5.72,27.51,0.358
2478,6.23,25.75,0.336
2479,6.54,24.74,0.317
2480,6.65,24.47,0.291
2481,6.79,24.22,0.266
2482,6.83,24.13,0.243
2483,6.97,23.75,0.230
2484,6.98,23.79,0.219
2485,6.87,24.05,0.201
2486,6.64,24.53,0.211
2487,6.52,24.86,0.210
2488,6.49,24.95,0.197
2489,8.44,21.45,0.117
2490,9.01,20.86,0.121
2491,8.61,21.52,0.135
2492,7.59,22.90,0.145
2493,7.13,24.16,0.171
2494,6.40,25.88,0.192
2495,6.53,25.65,0.186
2496,6.70,25.18,0.186
2497,6.74,24.88,0.197
2498,6.68,24.74,0.204
2499,7.09,24.35,0.180
2500,7.35,24.05,0.178
2501,7.35,24.04,0.201
2502,7.16,24.24,0.245
2503,7.63,23.92,0.243
2504,8.24,23.21,0.261
2505,8.98,22.25,0.287
2506,9.97,21.14,0.295
2507,12.13,19.06,0.264
2508,13.66,17.68,0.272
2509,15.62,16.68,0.211
2510,15.32,16.72,0.191
2511,15.08,16.76,0.186
2512,15.26,16.64,0.185
2513,15.33,16.62,0.181
2514,15.10,16.78,0.176
2515,13.98,17.40,0.185
2516,13.19,17.91,0.184
2517,12.35,18.42,0.182
2518,11.52,19.11,0.191
2519,12.22,18.72,0.201
2520,12.98,17.82,0.208
2521,12.79,18.04,0.191
2522,10.89,19.26,0.215
2523,11.77,18.72,0.184
2524,12.52,18.18,0.176
2525,12.52,18.11,0.181
2526,12.27,18.21,0.201
2527,12.13,18.27,0.214
2528,12.03,18.37,0.211
2529,12.12,18.28,0.225
2530,12.27,18.12,0.233
2531,11.83,18.38,0.236
2532,11.48,18.61,0.241
2533,11.23,18.81,0.265
2534,10.98,19.01,0.275
2535,10.68,19.25,0.271
2536,10.38,19.46,0.282
2537,10.16,19.60,0.279
2538,9.98,19.70,0.288
2539,9.81,19.80,0.289
2540,9.35,20.28,0.301
2541,9.09,20.56,0.310
2542,8.89,20.78,0.318
2543,8.69,20.97,0.324
2544,8.51,21.14,0.333
2545,8.33,21.33,0.349
2546,8.19,21.48,0.358
2547,8.15,21.54,0.362
2548,8.13,21.60,0.363
2549,8.16,21.58,0.364
2550,8.19,21.55,0.361
2551,8.26,21.48,0.362
2552,8.31,21.43,0.357
2553,8.36,21.38,0.354
2554,8.42,21.31,0.353
2555,8.45,21.28,0.345
2556,8.49,21.23,0.351
2557,8.51,21.21,0.350
2558,8.53,21.18,0.349
2559,8.53,21.18,0.350
2560,8.53,21.19,0.349
2561,8.53,21.19,0.348
2562,8.54,21.18,0.346
2563,8.60,21.11,0.345
2564,8.80,20.90,0.338
2565,9.14,20.55,0.329
2566,9.53,20.13,0.315
2567,9.74,19.95,0.302
2568,9.91,19.78,0.286
2569,10.29,19.44,0.276
2570,10.49,19.26,0.267
2571,10.91,18.92,0.254
2572,11.33,18.65,0.236
2573,11.77,18.37,0.227
2574,12.16,18.14,0.220
2575,12.61,17.91,0.198
2576,12.56,18.02,0.189
2577,12.70,18.02,0.182
2578,13.09,17.86,0.168
2579,14.16,17.31,0.154
2580,15.47,16.68,0.131
2581,17.05,15.99,0.106
2582,19.09,15.23,0.088
2583,21.55,14.45,0.068
2584,24.16,13.82,0.051
2585,26.69,13.30,0.037
2586,31.79,11.96,0.104
2587,30.25,12.32,0.121
2588,28.71,12.21,0.162
2589,27.23,12.33,0.193
2590,27.09,12.62,0.190
2591,25.02,13.25,0.193
2592,22.19,13.85,0.219
2593,18.37,14.92,0.258
2594,15.46,15.92,0.284
2595,14.04,16.46,0.306
2596,13.46,16.83,0.306
2597,12.70,17.28,0.319
2598,11.89,17.85,0.324
2599,10.86,18.61,0.352
2600,10.56,18.98,0.355
2601,9.87,19.51,0.380
2602,9.41,20.05,0.391
2603,9.10,20.32,0.384
2604,8.95,20.51,0.394
2605,9.00,20.46,0.391
2606,9.56,19.94,0.385
2607,9.50,19.97,0.389
2608,9.66,19.71,0.377
2609,9.99,19.29,0.368
2610,10.32,19.07,0.348
2611,10.75,18.67,0.317
2612,11.18,18.28,0.314
2613,11.02,18.38,0.313
2614,10.96,18.46,0.311
2615,10.89,18.51,0.319
2616,10.83,18.56,0.324
2617,10.77,18.60,0.325
2618,10.72,18.61,0.343
2619,10.71,18.66,0.333
2620,10.75,18.62,0.328
2621,10.97,18.47,0.328
2622,11.41,18.20,0.323
2623,11.85,17.91,0.309
2624,11.93,17.83,0.297
2625,12.61,17.59,0.271
2626,13.27,17.44,0.236
2627,15.49,16.66,0.199
2628,17.88,15.51,0.210
2629,19.00,15.12,0.164
2630,18.37,15.14,0.158
2631,16.76,15.43,0.174
2632,15.66,15.80,0.159
2633,15.09,15.99,0.166
2634,14.64,16.16,0.193
2635,13.15,16.91,0.221
2636,12.97,17.26,0.219
2637,19.32,14.69,0.206
2638,23.54,13.87,0.165
2639,22.52,14.55,0.151
2640,12.35,18.06,0.191
2641,11.39,18.43,0.161
2642,10.27,19.58,0.121
2643,10.18,19.79,0.111
2644,10.00,19.89,0.089
2645,11.46,19.61,0.086
2646,10.70,20.47,0.125
2647,9.92,21.27,0.162
2648,8.90,22.25,0.197
2649,10.79,20.93,0.151
2650,10.91,20.43,0.136
2651,11.20,20.25,0.148
2652,11.32,20.31,0.170
2653,11.20,20.55,0.202
2654,10.53,21.37,0.228
2655,11.03,20.90,0.207
2656,11.74,20.09,0.176
2657,12.25,19.73,0.154
2658,12.65,19.55,0.153
2659,12.48,19.84,0.166
2660,11.05,21.08,0.272
2661,11.80,20.70,0.294
2662,11.82,20.32,0.262
2663,12.14,20.11,0.264
2664,12.17,20.00,0.285
2665,12.42,19.66,0.267
2666,12.01,19.88,0.255
2667,10.57,20.47,0.282
2668,9.49,20.72,0.333
2669,9.42,20.69,0.295
2670,9.83,20.54,0.296
2671,10.98,19.94,0.250
2672,12.35,19.19,0.210
2673,12.49,18.90,0.200
2674,12.78,18.46,0.193
2675,13.85,17.79,0.177
2676,14.94,17.29,0.186
2677,15.99,16.85,0.190
2678,17.21,16.40,0.182
2679,17.24,16.35,0.160
2680,17.26,16.35,0.158
2681,17.49,16.29,0.164
2682,17.79,16.22,0.173
2683,17.99,16.18,0.187
2684,18.41,16.07,0.175
2685,18.22,16.12,0.174
2686,18.22,16.10,0.167
2687,17.91,16.33,0.155
2688,17.70,16.33,0.147
2689,17.18,16.55,0.144
2690,16.63,16.72,0.136
2691,15.88,16.99,0.150
2692,14.97,17.37,0.213
2693,15.92,16.97,0.134
2694,18.72,16.07,0.143
2695,1.07,42.57,0.013
2696,1.09,40.95,0.032
2697,1.10,39.81,0.155
2698,1.11,39.36,0.155
2699,1.15,38.40,0.181
2700,1.15,37.84,0.341
2701,1.09,38.45,0.803
2702,1.23,35.81,0.418
2703,1.33,34.91,0.307
2704,1.44,33.72,0.271
2705,1.51,32.23,0.279
2706,1.61,31.10,0.274
2707,1.60,30.84,0.288
2708,1.60,30.69,0.290
2709,1.53,31.00,0.322
2710,1.47,31.06,0.429
2711,1.42,30.83,0.569
2712,1.41,30.67,0.682
2713,1.15,36.11,0.769
2714,1.23,33.78,0.699
2715,1.41,30.57,0.604
2716,1.40,30.71,0.534
2717,1.41,30.55,0.579
2718,1.44,30.17,0.583
2719,1.46,30.03,0.563
2720,1.41,30.26,0.601
2721,1.30,31.90,0.655
2722,1.14,36.42,0.739
2723,1.24,33.22,0.831
2724,1.48,29.58,0.819
2725,1.64,28.17,0.778
2726,1.66,27.89,0.719
2727,1.69,27.67,0.760
2728,1.71,27.64,0.702
2729,1.72,27.65,0.737
2730,1.72,27.65,0.696
2731,1.70,27.78,0.702
2732,1.69,27.95,0.701
2733,1.67,28.09,0.717
2734,1.68,28.18,0.754
2735,1.63,28.53,0.778
2736,1.61,28.71,0.753
2737,1.58,29.05,0.759
2738,2.53,26.61,0.498
2739,4.96,21.25,0.326
2740,2.23,28.78,0.429
2741,2.25,28.76,0.509
2742,2.51,27.87,0.391
2743,2.19,29.11,0.568
2744,2.80,27.49,0.461
2745,3.13,27.28,0.387
2746,3.16,27.98,0.426
2747,3.43,26.66,0.372
2748,3.76,25.74,0.353
2749,4.10,25.01,0.325
2750,4.31,24.57,0.284
2751,4.62,24.04,0.275
2752,4.73,23.93,0.280
2753,4.81,23.75,0.241
2754,4.94,23.51,0.274
2755,5.13,23.31,0.283
2756,5.28,23.01,0.290
2757,5.33,22.93,0.283
2758,5.26,22.89,0.277
2759,5.13,22.87,0.269
2760,5.21,22.68,0.314
2761,5.08,22.72,0.310
2762,5.06,22.48,0.295
2763,5.39,22.12,0.232
2764,4.19,23.56,0.501
2765,5.24,22.29,0.284
2766,5.77,21.77,0.213
2767,5.74,21.81,0.213
2768,5.69,21.83,0.219
2769,5.70,21.84,0.224
2770,5.66,21.85,0.226
2771,5.65,21.85,0.226
2772,5.65,21.85,0.230
2773,5.66,21.82,0.238
2774,5.62,21.87,0.241
2775,5.62,21.87,0.245
2776,5.60,21.88,0.250
2777,5.61,21.88,0.260
2778,5.54,21.99,0.264
2779,5.44,22.15,0.273
2780,5.47,22.04,0.267
2781,5.57,21.90,0.281
2782,5.54,21.87,0.280
2783,5.56,21.84,0.287
2784,5.59,21.80,0.299
2785,5.62,21.75,0.300
2786,5.58,21.77,0.305
2787,5.57,21.76,0.306
2788,5.56,21.78,0.317
2789,5.56,21.77,0.322
2790,5.53,21.80,0.327
2791,5.50,21.83,0.330
2792,5.49,21.84,0.331
2793,5.45,21.88,0.333
2794,5.43,21.90,0.337
2795,5.41,21.93,0.340
2796,5.40,21.95,0.349
2797,5.34,22.02,0.355
2798,5.30,22.08,0.359
2799,5.23,22.18,0.358
2800,5.17,22.28,0.363
2801,5.11,22.39,0.370
2802,5.10,22.39,0.372
2803,5.15,22.33,0.364
2804,5.25,22.24,0.362
2805,5.26,22.23,0.358
2806,5.31,22.18,0.358
2807,5.33,22.14,0.356
2808,5.39,22.08,0.354
2809,5.37,22.08,0.351
2810,5.38,22.07,0.353
2811,5.38,22.07,0.359
2812,5.39,22.07,0.365
2813,5.34,22.11,0.364
2814,5.31,22.15,0.364
2815,5.28,22.19,0.366
2816,5.27,22.21,0.373
2817,5.20,22.28,0.374
2818,5.17,22.31,0.376
2819,5.14,22.35,0.379
2820,5.12,22.36,0.380
2821,5.05,22.42,0.386
2822,5.02,22.44,0.390
2823,4.99,22.48,0.399
2824,4.98,22.49,0.402
2825,4.94,22.53,0.405
2826,4.93,22.56,0.406
2827,4.91,22.58,0.414
2828,4.91,22.59,0.418
2829,4.87,22.63,0.423
2830,4.85,22.65,0.424
2831,4.83,22.68,0.435
2832,4.83,22.69,0.437
2833,4.79,22.73,0.440
2834,4.76,22.77,0.442
2835,4.74,22.80,0.427
2836,4.74,22.82,0.446
2837,4.69,22.88,0.447
2838,4.67,22.92,0.448
2839,4.64,22.96,0.449
2840,4.63,22.99,0.453
2841,4.58,23.05,0.453
2842,4.55,23.10,0.454
2843,4.52,23.14,0.456
2844,4.51,23.18,0.456
2845,4.46,23.24,0.469
2846,4.44,23.27,0.472
2847,4.41,23.32,0.475
2848,4.40,23.35,0.476
2849,4.36,23.40,0.494
2850,4.34,23.44,0.476
2851,4.31,23.48,0.501
2852,4.29,23.51,0.503
2853,4.25,23.55,0.508
2854,4.22,23.60,0.511
2855,4.18,23.64,0.503
2856,4.15,23.68,0.519
2857,4.09,23.74,0.504
2858,4.06,23.78,0.501
2859,4.02,23.83,0.504
2860,4.00,23.86,0.508
2861,3.96,23.92,0.506
2862,3.93,23.97,0.506
2863,3.90,24.01,0.510
2864,3.89,24.04,0.510
2865,3.86,24.08,0.513
2866,3.85,24.10,0.517
2867,3.83,24.12,0.527
2868,3.83,24.12,0.522
2869,3.82,24.13,0.504
2870,3.82,24.15,0.505
2871,3.82,24.14,0.506
2872,3.83,24.13,0.506
2873,3.82,24.12,0.507
2874,3.83,24.12,0.509
2875,3.85,24.10,0.511
2876,3.86,24.09,0.511
2877,3.86,24.07,0.510
2878,3.86,24.07,0.510
2879,3.87,24.05,0.510
2880,3.88,24.05,0.528
2881,3.88,24.04,0.528
2882,3.89,24.03,0.527
2883,3.88,24.02,0.527
2884,3.88,24.02,0.508
2885,3.88,24.01,0.508
2886,3.89,24.00,0.527
2887,3.89,23.99,0.527
2888,3.87,24.01,0.533
2889,3.87,24.02,0.523
2890,3.86,24.03,0.523
2891,3.86,24.02,0.521
2892,3.84,24.04,0.521
2893,3.84,24.04,0.540
2894,3.84,24.04,0.535
2895,3.84,24.04,0.521
2896,3.85,24.01,0.504
2897,3.84,24.03,0.498
2898,3.84,24.03,0.506
2899,3.84,24.01,0.501
2900,3.86,23.99,0.526
2901,3.86,23.98,0.500
2902,3.88,23.97,0.502
2903,3.89,23.95,0.499
2904,3.91,23.92,0.518
2905,3.91,23.91,0.494
2906,3.93,23.87,0.520
2907,3.93,23.86,0.494
2908,3.93,23.85,0.512
2909,3.94,23.82,0.507
2910,4.02,23.73,0.488
2911,4.23,23.46,0.480
2912,4.49,23.05,0.429
2913,5.00,22.40,0.377
2914,5.65,21.71,0.285
2915,1.45,33.29,0.586
2916,1.38,34.16,0.588
2917,1.41,33.40,0.669
2918,1.47,32.32,0.516
2919,1.37,33.31,0.645
2920,1.39,33.28,0.749
2921,1.41,32.32,0.605
2922,1.37,33.07,0.495
2923,1.35,33.76,0.512
2924,1.37,33.52,0.548
2925,1.35,34.40,0.786
2926,1.36,34.31,0.771
2927,1.44,32.91,0.731
2928,1.42,33.73,0.689
2929,1.49,32.81,0.689
2930,1.52,32.07,0.570
2931,1.51,32.29,0.620
2932,1.54,31.89,0.615
2933,1.57,31.39,0.573
2934,1.57,31.43,0.608
2935,1.58,31.33,0.603
2936,1.62,30.83,0.587
2937,1.64,30.58,0.575
2938,1.66,30.59,0.615
2939,1.65,30.58,0.593
2940,1.71,30.01,0.651
2941,1.71,29.92,0.626
2942,1.72,29.86,0.625
2943,1.72,29.91,0.631
2944,1.71,29.91,0.632
2945,1.72,29.90,0.622
2946,1.67,30.37,0.658
2947,1.67,30.33,0.647
2948,1.66,30.36,0.647
2949,1.66,30.38,0.656
2950,1.65,30.40,0.647
2951,1.66,30.45,0.658
2952,1.67,30.38,0.718
2953,1.68,30.40,0.721
2954,1.67,30.45,0.718
2955,1.67,30.43,0.607
2956,1.67,30.49,0.608
2957,1.67,30.51,0.607
2958,1.67,30.53,0.610
2959,1.67,30.54,0.608
2960,1.65,30.87,0.643
2961,1.69,30.37,0.618
2962,1.68,30.43,0.616
2963,1.69,30.42,0.616
2964,1.67,30.49,0.617
2965,1.67,30.54,0.620
2966,1.66,30.60,0.619
2967,1.67,30.65,0.635
2968,1.65,30.71,0.629
2969,1.65,30.80,0.625
2970,1.64,30.90,0.635
2971,1.65,30.97,0.633
2972,1.63,31.09,0.630
2973,1.63,31.14,0.622
2974,1.62,31.23,0.619
2975,1.63,31.29,0.615
2976,1.56,32.02,0.631
2977,1.56,32.09,0.626
2978,1.55,32.14,0.623
2979,1.55,32.17,0.621
2980,1.52,32.59,0.626
2981,1.53,32.65,0.623
2982,1.53,32.67,0.623
2983,1.54,32.68,0.631
2984,1.53,32.68,0.621
2985,1.54,32.65,0.703
2986,1.54,32.61,0.691
2987,1.55,32.52,0.691
2988,1.54,32.46,0.620
2989,1.55,32.39,0.617
2990,1.55,32.29,0.613
2991,1.60,31.45,0.595
2992,1.56,32.23,0.618
2993,1.56,32.15,0.617
2994,1.57,32.08,0.616
2995,1.59,31.96,0.619
2996,1.58,31.88,0.613
2997,1.59,31.78,0.613
2998,1.60,31.65,0.613
2999,1.63,31.49,0.612
3000,1.61,31.47,0.616
3001,1.62,31.39,0.610
3002,1.62,31.32,0.609
3003,1.63,31.26,0.604
3004,1.57,32.37,0.611
3005,1.58,32.29,0.607
3006,1.54,33.02,0.619
3007,1.55,32.87,0.616
3008,1.54,32.83,0.615
3009,1.53,32.82,0.664
3010,1.54,32.70,0.657
3011,1.56,32.60,0.655
3012,1.54,32.66,0.597
3013,1.55,32.58,0.595
3014,1.56,32.49,0.594
3015,1.57,32.38,0.591
3016,1.56,32.42,0.590
3017,1.56,32.38,0.591
3018,1.52,33.26,0.618
3019,1.53,33.17,0.620
3020,1.51,33.24,0.621
3021,1.55,32.35,0.613
3022,1.55,32.30,0.653
3023,1.56,32.25,0.674
3024,1.55,32.31,0.675
3025,1.56,32.26,0.669
3026,1.56,32.21,0.657
3027,1.57,32.25,0.664
3028,1.56,32.22,0.687
3029,1.56,32.18,0.683
3030,1.56,32.16,0.681
3031,1.57,32.17,0.676
3032,1.56,32.14,0.678
3033,1.54,32.57,0.683
3034,1.54,32.54,0.687
3035,1.55,32.56,0.682
3036,1.49,33.39,0.626
3037,1.50,33.37,0.623
3038,1.49,33.36,0.630
3039,1.50,33.35,0.709
3040,1.51,33.33,0.699
3041,1.50,33.35,0.698
3042,1.50,33.28,0.630
3043,1.50,33.27,0.631
3044,1.51,33.17,0.625
3045,1.50,33.20,0.632
3046,1.53,32.71,0.624
3047,1.53,32.62,0.626
3048,1.54,32.62,0.622
3049,1.53,32.59,0.624
3050,1.53,32.61,0.623
3051,1.57,31.88,0.616
3052,1.58,31.78,0.615
3053,1.57,31.83,0.609
3054,1.58,31.75,0.626
3055,1.58,31.78,0.653
3056,1.63,31.16,0.640
3057,1.62,31.10,0.631
3058,1.62,31.14,0.597
3059,1.63,31.05,0.648
3060,1.64,31.08,0.648
3061,1.63,31.16,0.645
3062,1.63,31.16,0.578
3063,1.63,31.22,0.578
3064,1.64,31.20,0.580
3065,1.63,31.27,0.585
3066,1.63,30.96,0.593
3067,1.63,30.94,0.598
3068,1.65,30.93,0.601
3069,1.62,30.98,0.605
3070,1.62,31.05,0.608
3071,1.62,31.13,0.610
3072,1.64,31.08,0.612
3073,1.62,31.21,0.613
3074,1.62,31.19,0.614
3075,1.66,30.52,0.628
3076,1.66,30.60,0.600
3077,1.67,30.63,0.591
3078,1.64,30.83,0.589
3079,1.63,30.91,0.673
3080,1.62,31.07,0.672
3081,1.66,30.57,0.580
3082,1.63,30.76,0.583
3083,1.61,30.92,0.588
3084,1.61,30.99,0.592
3085,1.62,30.91,0.589
3086,1.60,30.96,0.591
3087,1.58,31.14,0.594
3088,1.57,31.29,0.596
3089,1.57,31.34,0.599
3090,1.56,31.48,0.601
3091,1.54,31.55,0.604
3092,1.53,31.66,0.647
3093,1.53,31.69,0.668
3094,1.53,31.82,0.690
3095,1.55,31.27,0.647
3096,1.51,31.92,0.682
3097,1.50,31.98,0.633
3098,1.51,31.97,0.691
